traversal-root	1	2163299	2026-07-19T04:16:22,256466537-07:00	2026-07-19T04:16:22,258432464-07:00	0	0f9233145ea1292404b0fa86f5e7855d6858189fc8f8ecea48237db1f237d189
traversal-fixture	2	2163308	2026-07-19T04:16:22,261209936-07:00	2026-07-19T04:16:22,263608230-07:00	0	0f9233145ea1292404b0fa86f5e7855d6858189fc8f8ecea48237db1f237d189
traversal-root	3	2163317	2026-07-19T04:16:22,265982985-07:00	2026-07-19T04:16:22,267822066-07:00	0	0f9233145ea1292404b0fa86f5e7855d6858189fc8f8ecea48237db1f237d189
traversal-fixture	4	2163326	2026-07-19T04:16:22,270220420-07:00	2026-07-19T04:16:22,272306403-07:00	0	0f9233145ea1292404b0fa86f5e7855d6858189fc8f8ecea48237db1f237d189
traversal-root	5	2163335	2026-07-19T04:16:22,274794814-07:00	2026-07-19T04:16:22,277025733-07:00	0	0f9233145ea1292404b0fa86f5e7855d6858189fc8f8ecea48237db1f237d189
traversal-fixture	6	2163344	2026-07-19T04:16:22,279704678-07:00	2026-07-19T04:16:22,281918538-07:00	0	0f9233145ea1292404b0fa86f5e7855d6858189fc8f8ecea48237db1f237d189
traversal-root	7	2163353	2026-07-19T04:16:22,284144197-07:00	2026-07-19T04:16:22,286110265-07:00	0	0f9233145ea1292404b0fa86f5e7855d6858189fc8f8ecea48237db1f237d189
traversal-fixture	8	2163362	2026-07-19T04:16:22,288588296-07:00	2026-07-19T04:16:22,290442167-07:00	0	0f9233145ea1292404b0fa86f5e7855d6858189fc8f8ecea48237db1f237d189
traversal-root	9	2163371	2026-07-19T04:16:22,292858370-07:00	2026-07-19T04:16:22,294760340-07:00	0	0f9233145ea1292404b0fa86f5e7855d6858189fc8f8ecea48237db1f237d189
traversal-fixture	10	2163380	2026-07-19T04:16:22,297139224-07:00	2026-07-19T04:16:22,299034224-07:00	0	0f9233145ea1292404b0fa86f5e7855d6858189fc8f8ecea48237db1f237d189
traversal-root	11	2163389	2026-07-19T04:16:22,301329371-07:00	2026-07-19T04:16:22,303213241-07:00	0	0f9233145ea1292404b0fa86f5e7855d6858189fc8f8ecea48237db1f237d189
traversal-fixture	12	2163398	2026-07-19T04:16:22,305417661-07:00	2026-07-19T04:16:22,307255173-07:00	0	0f9233145ea1292404b0fa86f5e7855d6858189fc8f8ecea48237db1f237d189
traversal-root	13	2163407	2026-07-19T04:16:22,309463542-07:00	2026-07-19T04:16:22,311291974-07:00	0	0f9233145ea1292404b0fa86f5e7855d6858189fc8f8ecea48237db1f237d189
traversal-fixture	14	2163416	2026-07-19T04:16:22,313740427-07:00	2026-07-19T04:16:22,315563809-07:00	0	0f9233145ea1292404b0fa86f5e7855d6858189fc8f8ecea48237db1f237d189
traversal-root	15	2163425	2026-07-19T04:16:22,317988211-07:00	2026-07-19T04:16:22,319799474-07:00	0	0f9233145ea1292404b0fa86f5e7855d6858189fc8f8ecea48237db1f237d189
traversal-fixture	16	2163434	2026-07-19T04:16:22,322231177-07:00	2026-07-19T04:16:22,324062278-07:00	0	0f9233145ea1292404b0fa86f5e7855d6858189fc8f8ecea48237db1f237d189
traversal-root	17	2163443	2026-07-19T04:16:22,326404184-07:00	2026-07-19T04:16:22,328255085-07:00	0	0f9233145ea1292404b0fa86f5e7855d6858189fc8f8ecea48237db1f237d189
traversal-fixture	18	2163452	2026-07-19T04:16:22,330731926-07:00	2026-07-19T04:16:22,332549679-07:00	0	0f9233145ea1292404b0fa86f5e7855d6858189fc8f8ecea48237db1f237d189
traversal-root	19	2163461	2026-07-19T04:16:22,334944393-07:00	2026-07-19T04:16:22,336837322-07:00	0	0f9233145ea1292404b0fa86f5e7855d6858189fc8f8ecea48237db1f237d189
traversal-fixture	20	2163470	2026-07-19T04:16:22,339215117-07:00	2026-07-19T04:16:22,341108457-07:00	0	0f9233145ea1292404b0fa86f5e7855d6858189fc8f8ecea48237db1f237d189
traversal-root	21	2163479	2026-07-19T04:16:22,343451242-07:00	2026-07-19T04:16:22,345358912-07:00	0	0f9233145ea1292404b0fa86f5e7855d6858189fc8f8ecea48237db1f237d189
traversal-fixture	22	2163488	2026-07-19T04:16:22,347751255-07:00	2026-07-19T04:16:22,349639495-07:00	0	0f9233145ea1292404b0fa86f5e7855d6858189fc8f8ecea48237db1f237d189
traversal-root	23	2163497	2026-07-19T04:16:22,352024040-07:00	2026-07-19T04:16:22,353913150-07:00	0	0f9233145ea1292404b0fa86f5e7855d6858189fc8f8ecea48237db1f237d189
traversal-fixture	24	2163506	2026-07-19T04:16:22,356240656-07:00	2026-07-19T04:16:22,358106556-07:00	0	0f9233145ea1292404b0fa86f5e7855d6858189fc8f8ecea48237db1f237d189
traversal-root	25	2163515	2026-07-19T04:16:22,360414183-07:00	2026-07-19T04:16:22,362706930-07:00	0	0f9233145ea1292404b0fa86f5e7855d6858189fc8f8ecea48237db1f237d189
cross-mount	1	2163525	2026-07-19T04:16:22,365445323-07:00	2026-07-19T04:16:22,367421680-07:00	0	9b1247ccec0f9aff9d3cd60d02c080b0a03e03ada0da72620c7812523e66603f
cross-mount	2	2163534	2026-07-19T04:16:22,369789465-07:00	2026-07-19T04:16:22,371710374-07:00	0	9b1247ccec0f9aff9d3cd60d02c080b0a03e03ada0da72620c7812523e66603f
cross-mount	3	2163543	2026-07-19T04:16:22,374077179-07:00	2026-07-19T04:16:22,376018907-07:00	0	9b1247ccec0f9aff9d3cd60d02c080b0a03e03ada0da72620c7812523e66603f
cross-mount	4	2163552	2026-07-19T04:16:22,378321984-07:00	2026-07-19T04:16:22,380212144-07:00	0	9b1247ccec0f9aff9d3cd60d02c080b0a03e03ada0da72620c7812523e66603f
cross-mount	5	2163561	2026-07-19T04:16:22,382414374-07:00	2026-07-19T04:16:22,384369751-07:00	0	9b1247ccec0f9aff9d3cd60d02c080b0a03e03ada0da72620c7812523e66603f
cross-mount	6	2163571	2026-07-19T04:16:22,387337717-07:00	2026-07-19T04:16:22,389363663-07:00	0	9b1247ccec0f9aff9d3cd60d02c080b0a03e03ada0da72620c7812523e66603f
cross-mount	7	2163580	2026-07-19T04:16:22,391756627-07:00	2026-07-19T04:16:22,393663666-07:00	0	9b1247ccec0f9aff9d3cd60d02c080b0a03e03ada0da72620c7812523e66603f
cross-mount	8	2163589	2026-07-19T04:16:22,395826497-07:00	2026-07-19T04:16:22,397749476-07:00	0	9b1247ccec0f9aff9d3cd60d02c080b0a03e03ada0da72620c7812523e66603f
cross-mount	9	2163598	2026-07-19T04:16:22,400151990-07:00	2026-07-19T04:16:22,402036290-07:00	0	9b1247ccec0f9aff9d3cd60d02c080b0a03e03ada0da72620c7812523e66603f
cross-mount	10	2163607	2026-07-19T04:16:22,404319347-07:00	2026-07-19T04:16:22,406217847-07:00	0	9b1247ccec0f9aff9d3cd60d02c080b0a03e03ada0da72620c7812523e66603f
cross-mount	11	2163616	2026-07-19T04:16:22,408433817-07:00	2026-07-19T04:16:22,410301667-07:00	0	9b1247ccec0f9aff9d3cd60d02c080b0a03e03ada0da72620c7812523e66603f
cross-mount	12	2163625	2026-07-19T04:16:22,412714740-07:00	2026-07-19T04:16:22,414935400-07:00	0	9b1247ccec0f9aff9d3cd60d02c080b0a03e03ada0da72620c7812523e66603f
cross-mount	13	2163634	2026-07-19T04:16:22,417534397-07:00	2026-07-19T04:16:22,419416867-07:00	0	9b1247ccec0f9aff9d3cd60d02c080b0a03e03ada0da72620c7812523e66603f
cross-mount	14	2163643	2026-07-19T04:16:22,421807491-07:00	2026-07-19T04:16:22,423685442-07:00	0	9b1247ccec0f9aff9d3cd60d02c080b0a03e03ada0da72620c7812523e66603f
cross-mount	15	2163652	2026-07-19T04:16:22,426082426-07:00	2026-07-19T04:16:22,427961846-07:00	0	9b1247ccec0f9aff9d3cd60d02c080b0a03e03ada0da72620c7812523e66603f
cross-mount	16	2163661	2026-07-19T04:16:22,430293312-07:00	2026-07-19T04:16:22,432159952-07:00	0	9b1247ccec0f9aff9d3cd60d02c080b0a03e03ada0da72620c7812523e66603f
cross-mount	17	2163670	2026-07-19T04:16:22,434429500-07:00	2026-07-19T04:16:22,436745557-07:00	0	9b1247ccec0f9aff9d3cd60d02c080b0a03e03ada0da72620c7812523e66603f
cross-mount	18	2163679	2026-07-19T04:16:22,439577357-07:00	2026-07-19T04:16:22,441623002-07:00	0	9b1247ccec0f9aff9d3cd60d02c080b0a03e03ada0da72620c7812523e66603f
cross-mount	19	2163688	2026-07-19T04:16:22,444038865-07:00	2026-07-19T04:16:22,445939124-07:00	0	9b1247ccec0f9aff9d3cd60d02c080b0a03e03ada0da72620c7812523e66603f
cross-mount	20	2163697	2026-07-19T04:16:22,448347328-07:00	2026-07-19T04:16:22,450532808-07:00	0	9b1247ccec0f9aff9d3cd60d02c080b0a03e03ada0da72620c7812523e66603f
cross-mount	21	2163706	2026-07-19T04:16:22,453292691-07:00	2026-07-19T04:16:22,455194300-07:00	0	9b1247ccec0f9aff9d3cd60d02c080b0a03e03ada0da72620c7812523e66603f
cross-mount	22	2163715	2026-07-19T04:16:22,457526926-07:00	2026-07-19T04:16:22,459406536-07:00	0	9b1247ccec0f9aff9d3cd60d02c080b0a03e03ada0da72620c7812523e66603f
cross-mount	23	2163724	2026-07-19T04:16:22,461826409-07:00	2026-07-19T04:16:22,463738439-07:00	0	9b1247ccec0f9aff9d3cd60d02c080b0a03e03ada0da72620c7812523e66603f
cross-mount	24	2163733	2026-07-19T04:16:22,466455372-07:00	2026-07-19T04:16:22,468534656-07:00	0	9b1247ccec0f9aff9d3cd60d02c080b0a03e03ada0da72620c7812523e66603f
cross-mount	25	2163742	2026-07-19T04:16:22,470885211-07:00	2026-07-19T04:16:22,472948146-07:00	0	9b1247ccec0f9aff9d3cd60d02c080b0a03e03ada0da72620c7812523e66603f
inode-replacement	1	2163786	2026-07-19T04:16:22,489001896-07:00	2026-07-19T04:16:22,491481797-07:00	0	5a8296e2e99862007743f37e18ec17f27d343a3cb89c2838baf18c949debc167
inode-replacement	2	2163795	2026-07-19T04:16:22,493923719-07:00	2026-07-19T04:16:22,495935055-07:00	0	5a8296e2e99862007743f37e18ec17f27d343a3cb89c2838baf18c949debc167
inode-replacement	3	2163804	2026-07-19T04:16:22,498367898-07:00	2026-07-19T04:16:22,500921867-07:00	0	5a8296e2e99862007743f37e18ec17f27d343a3cb89c2838baf18c949debc167
inode-replacement	4	2163813	2026-07-19T04:16:22,503298551-07:00	2026-07-19T04:16:22,505279448-07:00	0	5a8296e2e99862007743f37e18ec17f27d343a3cb89c2838baf18c949debc167
inode-replacement	5	2163822	2026-07-19T04:16:22,507660093-07:00	2026-07-19T04:16:22,509612860-07:00	0	5a8296e2e99862007743f37e18ec17f27d343a3cb89c2838baf18c949debc167
inode-replacement	6	2163831	2026-07-19T04:16:22,511967926-07:00	2026-07-19T04:16:22,514352410-07:00	0	5a8296e2e99862007743f37e18ec17f27d343a3cb89c2838baf18c949debc167
inode-replacement	7	2163840	2026-07-19T04:16:22,517068713-07:00	2026-07-19T04:16:22,519038451-07:00	0	5a8296e2e99862007743f37e18ec17f27d343a3cb89c2838baf18c949debc167
inode-replacement	8	2163849	2026-07-19T04:16:22,521361557-07:00	2026-07-19T04:16:22,523574937-07:00	0	5a8296e2e99862007743f37e18ec17f27d343a3cb89c2838baf18c949debc167
inode-replacement	9	2163858	2026-07-19T04:16:22,525942481-07:00	2026-07-19T04:16:22,527941098-07:00	0	5a8296e2e99862007743f37e18ec17f27d343a3cb89c2838baf18c949debc167
inode-replacement	10	2163867	2026-07-19T04:16:22,530270664-07:00	2026-07-19T04:16:22,532402136-07:00	0	5a8296e2e99862007743f37e18ec17f27d343a3cb89c2838baf18c949debc167
inode-replacement	11	2163876	2026-07-19T04:16:22,534987644-07:00	2026-07-19T04:16:22,537027089-07:00	0	5a8296e2e99862007743f37e18ec17f27d343a3cb89c2838baf18c949debc167
inode-replacement	12	2163885	2026-07-19T04:16:22,539393024-07:00	2026-07-19T04:16:22,541503447-07:00	0	5a8296e2e99862007743f37e18ec17f27d343a3cb89c2838baf18c949debc167
inode-replacement	13	2163894	2026-07-19T04:16:22,543889931-07:00	2026-07-19T04:16:22,545976555-07:00	0	5a8296e2e99862007743f37e18ec17f27d343a3cb89c2838baf18c949debc167
inode-replacement	14	2163903	2026-07-19T04:16:22,548287771-07:00	2026-07-19T04:16:22,550200090-07:00	0	5a8296e2e99862007743f37e18ec17f27d343a3cb89c2838baf18c949debc167
inode-replacement	15	2163912	2026-07-19T04:16:22,552427870-07:00	2026-07-19T04:16:22,554345699-07:00	0	5a8296e2e99862007743f37e18ec17f27d343a3cb89c2838baf18c949debc167
inode-replacement	16	2163921	2026-07-19T04:16:22,556747522-07:00	2026-07-19T04:16:22,558702420-07:00	0	5a8296e2e99862007743f37e18ec17f27d343a3cb89c2838baf18c949debc167
inode-replacement	17	2163930	2026-07-19T04:16:22,561063715-07:00	2026-07-19T04:16:22,563389781-07:00	0	5a8296e2e99862007743f37e18ec17f27d343a3cb89c2838baf18c949debc167
inode-replacement	18	2163939	2026-07-19T04:16:22,565781485-07:00	2026-07-19T04:16:22,567696534-07:00	0	5a8296e2e99862007743f37e18ec17f27d343a3cb89c2838baf18c949debc167
inode-replacement	19	2163948	2026-07-19T04:16:22,570049869-07:00	2026-07-19T04:16:22,571971838-07:00	0	5a8296e2e99862007743f37e18ec17f27d343a3cb89c2838baf18c949debc167
inode-replacement	20	2163957	2026-07-19T04:16:22,574258516-07:00	2026-07-19T04:16:22,576190074-07:00	0	5a8296e2e99862007743f37e18ec17f27d343a3cb89c2838baf18c949debc167
inode-replacement	21	2163966	2026-07-19T04:16:22,578419703-07:00	2026-07-19T04:16:22,580333612-07:00	0	5a8296e2e99862007743f37e18ec17f27d343a3cb89c2838baf18c949debc167
inode-replacement	22	2163975	2026-07-19T04:16:22,582690478-07:00	2026-07-19T04:16:22,584608757-07:00	0	5a8296e2e99862007743f37e18ec17f27d343a3cb89c2838baf18c949debc167
inode-replacement	23	2163984	2026-07-19T04:16:22,586970302-07:00	2026-07-19T04:16:22,588858342-07:00	0	5a8296e2e99862007743f37e18ec17f27d343a3cb89c2838baf18c949debc167
inode-replacement	24	2163993	2026-07-19T04:16:22,591400581-07:00	2026-07-19T04:16:22,593410557-07:00	0	5a8296e2e99862007743f37e18ec17f27d343a3cb89c2838baf18c949debc167
inode-replacement	25	2164002	2026-07-19T04:16:22,595850719-07:00	2026-07-19T04:16:22,597798857-07:00	0	5a8296e2e99862007743f37e18ec17f27d343a3cb89c2838baf18c949debc167
