2026-07-19T04:16:22,256836155-07:00	traversal-root-1	pid=2163262	/var/tmp/halofpx-qualification/l05s-preinit-20260719-nimo1/build-release/bin/test-halofpx-context-store-registry-lab-linux-preinit --launch-qualify invalid_request /var/tmp/halofpx-l05s-attack-20260719T2130-nimo1/main-mount/lab-parent 125 257 62 1000 700 aa8d22853ce14a10aeb51109245ad61a 162cdb5e11c84aca89d4bd90b63b8dd6 /var/tmp/halofpx-l05s-attack-20260719T2130-nimo1/main-mount/lab-parent/candidate-root/../candidate-root 125 258 62 1000 700 aa8d22853ce14a10aeb51109245ad61a 162cdb5e11c84aca89d4bd90b63b8dd6 /var/tmp/halofpx-l05s-attack-20260719T2130-nimo1/main-mount/lab-parent/fixture 125 259 62 1000 700 aa8d22853ce14a10aeb51109245ad61a 162cdb5e11c84aca89d4bd90b63b8dd6 125 263 halofpx-l05s-final-nimo1 1 
2026-07-19T04:16:22,261591224-07:00	traversal-fixture-2	pid=2163262	/var/tmp/halofpx-qualification/l05s-preinit-20260719-nimo1/build-release/bin/test-halofpx-context-store-registry-lab-linux-preinit --launch-qualify invalid_request /var/tmp/halofpx-l05s-attack-20260719T2130-nimo1/main-mount/lab-parent 125 257 62 1000 700 aa8d22853ce14a10aeb51109245ad61a 162cdb5e11c84aca89d4bd90b63b8dd6 /var/tmp/halofpx-l05s-attack-20260719T2130-nimo1/main-mount/lab-parent/candidate-root 125 258 62 1000 700 aa8d22853ce14a10aeb51109245ad61a 162cdb5e11c84aca89d4bd90b63b8dd6 /var/tmp/halofpx-l05s-attack-20260719T2130-nimo1/main-mount/lab-parent/fixture/../fixture 125 259 62 1000 700 aa8d22853ce14a10aeb51109245ad61a 162cdb5e11c84aca89d4bd90b63b8dd6 125 263 halofpx-l05s-final-nimo1 1 
2026-07-19T04:16:22,266374282-07:00	traversal-root-3	pid=2163262	/var/tmp/halofpx-qualification/l05s-preinit-20260719-nimo1/build-release/bin/test-halofpx-context-store-registry-lab-linux-preinit --launch-qualify invalid_request /var/tmp/halofpx-l05s-attack-20260719T2130-nimo1/main-mount/lab-parent 125 257 62 1000 700 aa8d22853ce14a10aeb51109245ad61a 162cdb5e11c84aca89d4bd90b63b8dd6 /var/tmp/halofpx-l05s-attack-20260719T2130-nimo1/main-mount/lab-parent/candidate-root/../candidate-root 125 258 62 1000 700 aa8d22853ce14a10aeb51109245ad61a 162cdb5e11c84aca89d4bd90b63b8dd6 /var/tmp/halofpx-l05s-attack-20260719T2130-nimo1/main-mount/lab-parent/fixture 125 259 62 1000 700 aa8d22853ce14a10aeb51109245ad61a 162cdb5e11c84aca89d4bd90b63b8dd6 125 263 halofpx-l05s-final-nimo1 1 
2026-07-19T04:16:22,270798001-07:00	traversal-fixture-4	pid=2163262	/var/tmp/halofpx-qualification/l05s-preinit-20260719-nimo1/build-release/bin/test-halofpx-context-store-registry-lab-linux-preinit --launch-qualify invalid_request /var/tmp/halofpx-l05s-attack-20260719T2130-nimo1/main-mount/lab-parent 125 257 62 1000 700 aa8d22853ce14a10aeb51109245ad61a 162cdb5e11c84aca89d4bd90b63b8dd6 /var/tmp/halofpx-l05s-attack-20260719T2130-nimo1/main-mount/lab-parent/candidate-root 125 258 62 1000 700 aa8d22853ce14a10aeb51109245ad61a 162cdb5e11c84aca89d4bd90b63b8dd6 /var/tmp/halofpx-l05s-attack-20260719T2130-nimo1/main-mount/lab-parent/fixture/../fixture 125 259 62 1000 700 aa8d22853ce14a10aeb51109245ad61a 162cdb5e11c84aca89d4bd90b63b8dd6 125 263 halofpx-l05s-final-nimo1 1 
2026-07-19T04:16:22,275193522-07:00	traversal-root-5	pid=2163262	/var/tmp/halofpx-qualification/l05s-preinit-20260719-nimo1/build-release/bin/test-halofpx-context-store-registry-lab-linux-preinit --launch-qualify invalid_request /var/tmp/halofpx-l05s-attack-20260719T2130-nimo1/main-mount/lab-parent 125 257 62 1000 700 aa8d22853ce14a10aeb51109245ad61a 162cdb5e11c84aca89d4bd90b63b8dd6 /var/tmp/halofpx-l05s-attack-20260719T2130-nimo1/main-mount/lab-parent/candidate-root/../candidate-root 125 258 62 1000 700 aa8d22853ce14a10aeb51109245ad61a 162cdb5e11c84aca89d4bd90b63b8dd6 /var/tmp/halofpx-l05s-attack-20260719T2130-nimo1/main-mount/lab-parent/fixture 125 259 62 1000 700 aa8d22853ce14a10aeb51109245ad61a 162cdb5e11c84aca89d4bd90b63b8dd6 125 263 halofpx-l05s-final-nimo1 1 
2026-07-19T04:16:22,280099446-07:00	traversal-fixture-6	pid=2163262	/var/tmp/halofpx-qualification/l05s-preinit-20260719-nimo1/build-release/bin/test-halofpx-context-store-registry-lab-linux-preinit --launch-qualify invalid_request /var/tmp/halofpx-l05s-attack-20260719T2130-nimo1/main-mount/lab-parent 125 257 62 1000 700 aa8d22853ce14a10aeb51109245ad61a 162cdb5e11c84aca89d4bd90b63b8dd6 /var/tmp/halofpx-l05s-attack-20260719T2130-nimo1/main-mount/lab-parent/candidate-root 125 258 62 1000 700 aa8d22853ce14a10aeb51109245ad61a 162cdb5e11c84aca89d4bd90b63b8dd6 /var/tmp/halofpx-l05s-attack-20260719T2130-nimo1/main-mount/lab-parent/fixture/../fixture 125 259 62 1000 700 aa8d22853ce14a10aeb51109245ad61a 162cdb5e11c84aca89d4bd90b63b8dd6 125 263 halofpx-l05s-final-nimo1 1 
2026-07-19T04:16:22,284541575-07:00	traversal-root-7	pid=2163262	/var/tmp/halofpx-qualification/l05s-preinit-20260719-nimo1/build-release/bin/test-halofpx-context-store-registry-lab-linux-preinit --launch-qualify invalid_request /var/tmp/halofpx-l05s-attack-20260719T2130-nimo1/main-mount/lab-parent 125 257 62 1000 700 aa8d22853ce14a10aeb51109245ad61a 162cdb5e11c84aca89d4bd90b63b8dd6 /var/tmp/halofpx-l05s-attack-20260719T2130-nimo1/main-mount/lab-parent/candidate-root/../candidate-root 125 258 62 1000 700 aa8d22853ce14a10aeb51109245ad61a 162cdb5e11c84aca89d4bd90b63b8dd6 /var/tmp/halofpx-l05s-attack-20260719T2130-nimo1/main-mount/lab-parent/fixture 125 259 62 1000 700 aa8d22853ce14a10aeb51109245ad61a 162cdb5e11c84aca89d4bd90b63b8dd6 125 263 halofpx-l05s-final-nimo1 1 
2026-07-19T04:16:22,288968434-07:00	traversal-fixture-8	pid=2163262	/var/tmp/halofpx-qualification/l05s-preinit-20260719-nimo1/build-release/bin/test-halofpx-context-store-registry-lab-linux-preinit --launch-qualify invalid_request /var/tmp/halofpx-l05s-attack-20260719T2130-nimo1/main-mount/lab-parent 125 257 62 1000 700 aa8d22853ce14a10aeb51109245ad61a 162cdb5e11c84aca89d4bd90b63b8dd6 /var/tmp/halofpx-l05s-attack-20260719T2130-nimo1/main-mount/lab-parent/candidate-root 125 258 62 1000 700 aa8d22853ce14a10aeb51109245ad61a 162cdb5e11c84aca89d4bd90b63b8dd6 /var/tmp/halofpx-l05s-attack-20260719T2130-nimo1/main-mount/lab-parent/fixture/../fixture 125 259 62 1000 700 aa8d22853ce14a10aeb51109245ad61a 162cdb5e11c84aca89d4bd90b63b8dd6 125 263 halofpx-l05s-final-nimo1 1 
2026-07-19T04:16:22,293248858-07:00	traversal-root-9	pid=2163262	/var/tmp/halofpx-qualification/l05s-preinit-20260719-nimo1/build-release/bin/test-halofpx-context-store-registry-lab-linux-preinit --launch-qualify invalid_request /var/tmp/halofpx-l05s-attack-20260719T2130-nimo1/main-mount/lab-parent 125 257 62 1000 700 aa8d22853ce14a10aeb51109245ad61a 162cdb5e11c84aca89d4bd90b63b8dd6 /var/tmp/halofpx-l05s-attack-20260719T2130-nimo1/main-mount/lab-parent/candidate-root/../candidate-root 125 258 62 1000 700 aa8d22853ce14a10aeb51109245ad61a 162cdb5e11c84aca89d4bd90b63b8dd6 /var/tmp/halofpx-l05s-attack-20260719T2130-nimo1/main-mount/lab-parent/fixture 125 259 62 1000 700 aa8d22853ce14a10aeb51109245ad61a 162cdb5e11c84aca89d4bd90b63b8dd6 125 263 halofpx-l05s-final-nimo1 1 
2026-07-19T04:16:22,297514872-07:00	traversal-fixture-10	pid=2163262	/var/tmp/halofpx-qualification/l05s-preinit-20260719-nimo1/build-release/bin/test-halofpx-context-store-registry-lab-linux-preinit --launch-qualify invalid_request /var/tmp/halofpx-l05s-attack-20260719T2130-nimo1/main-mount/lab-parent 125 257 62 1000 700 aa8d22853ce14a10aeb51109245ad61a 162cdb5e11c84aca89d4bd90b63b8dd6 /var/tmp/halofpx-l05s-attack-20260719T2130-nimo1/main-mount/lab-parent/candidate-root 125 258 62 1000 700 aa8d22853ce14a10aeb51109245ad61a 162cdb5e11c84aca89d4bd90b63b8dd6 /var/tmp/halofpx-l05s-attack-20260719T2130-nimo1/main-mount/lab-parent/fixture/../fixture 125 259 62 1000 700 aa8d22853ce14a10aeb51109245ad61a 162cdb5e11c84aca89d4bd90b63b8dd6 125 263 halofpx-l05s-final-nimo1 1 
2026-07-19T04:16:22,301705639-07:00	traversal-root-11	pid=2163262	/var/tmp/halofpx-qualification/l05s-preinit-20260719-nimo1/build-release/bin/test-halofpx-context-store-registry-lab-linux-preinit --launch-qualify invalid_request /var/tmp/halofpx-l05s-attack-20260719T2130-nimo1/main-mount/lab-parent 125 257 62 1000 700 aa8d22853ce14a10aeb51109245ad61a 162cdb5e11c84aca89d4bd90b63b8dd6 /var/tmp/halofpx-l05s-attack-20260719T2130-nimo1/main-mount/lab-parent/candidate-root/../candidate-root 125 258 62 1000 700 aa8d22853ce14a10aeb51109245ad61a 162cdb5e11c84aca89d4bd90b63b8dd6 /var/tmp/halofpx-l05s-attack-20260719T2130-nimo1/main-mount/lab-parent/fixture 125 259 62 1000 700 aa8d22853ce14a10aeb51109245ad61a 162cdb5e11c84aca89d4bd90b63b8dd6 125 263 halofpx-l05s-final-nimo1 1 
2026-07-19T04:16:22,305800009-07:00	traversal-fixture-12	pid=2163262	/var/tmp/halofpx-qualification/l05s-preinit-20260719-nimo1/build-release/bin/test-halofpx-context-store-registry-lab-linux-preinit --launch-qualify invalid_request /var/tmp/halofpx-l05s-attack-20260719T2130-nimo1/main-mount/lab-parent 125 257 62 1000 700 aa8d22853ce14a10aeb51109245ad61a 162cdb5e11c84aca89d4bd90b63b8dd6 /var/tmp/halofpx-l05s-attack-20260719T2130-nimo1/main-mount/lab-parent/candidate-root 125 258 62 1000 700 aa8d22853ce14a10aeb51109245ad61a 162cdb5e11c84aca89d4bd90b63b8dd6 /var/tmp/halofpx-l05s-attack-20260719T2130-nimo1/main-mount/lab-parent/fixture/../fixture 125 259 62 1000 700 aa8d22853ce14a10aeb51109245ad61a 162cdb5e11c84aca89d4bd90b63b8dd6 125 263 halofpx-l05s-final-nimo1 1 
2026-07-19T04:16:22,309838041-07:00	traversal-root-13	pid=2163262	/var/tmp/halofpx-qualification/l05s-preinit-20260719-nimo1/build-release/bin/test-halofpx-context-store-registry-lab-linux-preinit --launch-qualify invalid_request /var/tmp/halofpx-l05s-attack-20260719T2130-nimo1/main-mount/lab-parent 125 257 62 1000 700 aa8d22853ce14a10aeb51109245ad61a 162cdb5e11c84aca89d4bd90b63b8dd6 /var/tmp/halofpx-l05s-attack-20260719T2130-nimo1/main-mount/lab-parent/candidate-root/../candidate-root 125 258 62 1000 700 aa8d22853ce14a10aeb51109245ad61a 162cdb5e11c84aca89d4bd90b63b8dd6 /var/tmp/halofpx-l05s-attack-20260719T2130-nimo1/main-mount/lab-parent/fixture 125 259 62 1000 700 aa8d22853ce14a10aeb51109245ad61a 162cdb5e11c84aca89d4bd90b63b8dd6 125 263 halofpx-l05s-final-nimo1 1 
2026-07-19T04:16:22,314116415-07:00	traversal-fixture-14	pid=2163262	/var/tmp/halofpx-qualification/l05s-preinit-20260719-nimo1/build-release/bin/test-halofpx-context-store-registry-lab-linux-preinit --launch-qualify invalid_request /var/tmp/halofpx-l05s-attack-20260719T2130-nimo1/main-mount/lab-parent 125 257 62 1000 700 aa8d22853ce14a10aeb51109245ad61a 162cdb5e11c84aca89d4bd90b63b8dd6 /var/tmp/halofpx-l05s-attack-20260719T2130-nimo1/main-mount/lab-parent/candidate-root 125 258 62 1000 700 aa8d22853ce14a10aeb51109245ad61a 162cdb5e11c84aca89d4bd90b63b8dd6 /var/tmp/halofpx-l05s-attack-20260719T2130-nimo1/main-mount/lab-parent/fixture/../fixture 125 259 62 1000 700 aa8d22853ce14a10aeb51109245ad61a 162cdb5e11c84aca89d4bd90b63b8dd6 125 263 halofpx-l05s-final-nimo1 1 
2026-07-19T04:16:22,318363360-07:00	traversal-root-15	pid=2163262	/var/tmp/halofpx-qualification/l05s-preinit-20260719-nimo1/build-release/bin/test-halofpx-context-store-registry-lab-linux-preinit --launch-qualify invalid_request /var/tmp/halofpx-l05s-attack-20260719T2130-nimo1/main-mount/lab-parent 125 257 62 1000 700 aa8d22853ce14a10aeb51109245ad61a 162cdb5e11c84aca89d4bd90b63b8dd6 /var/tmp/halofpx-l05s-attack-20260719T2130-nimo1/main-mount/lab-parent/candidate-root/../candidate-root 125 258 62 1000 700 aa8d22853ce14a10aeb51109245ad61a 162cdb5e11c84aca89d4bd90b63b8dd6 /var/tmp/halofpx-l05s-attack-20260719T2130-nimo1/main-mount/lab-parent/fixture 125 259 62 1000 700 aa8d22853ce14a10aeb51109245ad61a 162cdb5e11c84aca89d4bd90b63b8dd6 125 263 halofpx-l05s-final-nimo1 1 
2026-07-19T04:16:22,322614294-07:00	traversal-fixture-16	pid=2163262	/var/tmp/halofpx-qualification/l05s-preinit-20260719-nimo1/build-release/bin/test-halofpx-context-store-registry-lab-linux-preinit --launch-qualify invalid_request /var/tmp/halofpx-l05s-attack-20260719T2130-nimo1/main-mount/lab-parent 125 257 62 1000 700 aa8d22853ce14a10aeb51109245ad61a 162cdb5e11c84aca89d4bd90b63b8dd6 /var/tmp/halofpx-l05s-attack-20260719T2130-nimo1/main-mount/lab-parent/candidate-root 125 258 62 1000 700 aa8d22853ce14a10aeb51109245ad61a 162cdb5e11c84aca89d4bd90b63b8dd6 /var/tmp/halofpx-l05s-attack-20260719T2130-nimo1/main-mount/lab-parent/fixture/../fixture 125 259 62 1000 700 aa8d22853ce14a10aeb51109245ad61a 162cdb5e11c84aca89d4bd90b63b8dd6 125 263 halofpx-l05s-final-nimo1 1 
2026-07-19T04:16:22,326774852-07:00	traversal-root-17	pid=2163262	/var/tmp/halofpx-qualification/l05s-preinit-20260719-nimo1/build-release/bin/test-halofpx-context-store-registry-lab-linux-preinit --launch-qualify invalid_request /var/tmp/halofpx-l05s-attack-20260719T2130-nimo1/main-mount/lab-parent 125 257 62 1000 700 aa8d22853ce14a10aeb51109245ad61a 162cdb5e11c84aca89d4bd90b63b8dd6 /var/tmp/halofpx-l05s-attack-20260719T2130-nimo1/main-mount/lab-parent/candidate-root/../candidate-root 125 258 62 1000 700 aa8d22853ce14a10aeb51109245ad61a 162cdb5e11c84aca89d4bd90b63b8dd6 /var/tmp/halofpx-l05s-attack-20260719T2130-nimo1/main-mount/lab-parent/fixture 125 259 62 1000 700 aa8d22853ce14a10aeb51109245ad61a 162cdb5e11c84aca89d4bd90b63b8dd6 125 263 halofpx-l05s-final-nimo1 1 
2026-07-19T04:16:22,331103574-07:00	traversal-fixture-18	pid=2163262	/var/tmp/halofpx-qualification/l05s-preinit-20260719-nimo1/build-release/bin/test-halofpx-context-store-registry-lab-linux-preinit --launch-qualify invalid_request /var/tmp/halofpx-l05s-attack-20260719T2130-nimo1/main-mount/lab-parent 125 257 62 1000 700 aa8d22853ce14a10aeb51109245ad61a 162cdb5e11c84aca89d4bd90b63b8dd6 /var/tmp/halofpx-l05s-attack-20260719T2130-nimo1/main-mount/lab-parent/candidate-root 125 258 62 1000 700 aa8d22853ce14a10aeb51109245ad61a 162cdb5e11c84aca89d4bd90b63b8dd6 /var/tmp/halofpx-l05s-attack-20260719T2130-nimo1/main-mount/lab-parent/fixture/../fixture 125 259 62 1000 700 aa8d22853ce14a10aeb51109245ad61a 162cdb5e11c84aca89d4bd90b63b8dd6 125 263 halofpx-l05s-final-nimo1 1 
2026-07-19T04:16:22,335329240-07:00	traversal-root-19	pid=2163262	/var/tmp/halofpx-qualification/l05s-preinit-20260719-nimo1/build-release/bin/test-halofpx-context-store-registry-lab-linux-preinit --launch-qualify invalid_request /var/tmp/halofpx-l05s-attack-20260719T2130-nimo1/main-mount/lab-parent 125 257 62 1000 700 aa8d22853ce14a10aeb51109245ad61a 162cdb5e11c84aca89d4bd90b63b8dd6 /var/tmp/halofpx-l05s-attack-20260719T2130-nimo1/main-mount/lab-parent/candidate-root/../candidate-root 125 258 62 1000 700 aa8d22853ce14a10aeb51109245ad61a 162cdb5e11c84aca89d4bd90b63b8dd6 /var/tmp/halofpx-l05s-attack-20260719T2130-nimo1/main-mount/lab-parent/fixture 125 259 62 1000 700 aa8d22853ce14a10aeb51109245ad61a 162cdb5e11c84aca89d4bd90b63b8dd6 125 263 halofpx-l05s-final-nimo1 1 
2026-07-19T04:16:22,339593495-07:00	traversal-fixture-20	pid=2163262	/var/tmp/halofpx-qualification/l05s-preinit-20260719-nimo1/build-release/bin/test-halofpx-context-store-registry-lab-linux-preinit --launch-qualify invalid_request /var/tmp/halofpx-l05s-attack-20260719T2130-nimo1/main-mount/lab-parent 125 257 62 1000 700 aa8d22853ce14a10aeb51109245ad61a 162cdb5e11c84aca89d4bd90b63b8dd6 /var/tmp/halofpx-l05s-attack-20260719T2130-nimo1/main-mount/lab-parent/candidate-root 125 258 62 1000 700 aa8d22853ce14a10aeb51109245ad61a 162cdb5e11c84aca89d4bd90b63b8dd6 /var/tmp/halofpx-l05s-attack-20260719T2130-nimo1/main-mount/lab-parent/fixture/../fixture 125 259 62 1000 700 aa8d22853ce14a10aeb51109245ad61a 162cdb5e11c84aca89d4bd90b63b8dd6 125 263 halofpx-l05s-final-nimo1 1 
2026-07-19T04:16:22,343824680-07:00	traversal-root-21	pid=2163262	/var/tmp/halofpx-qualification/l05s-preinit-20260719-nimo1/build-release/bin/test-halofpx-context-store-registry-lab-linux-preinit --launch-qualify invalid_request /var/tmp/halofpx-l05s-attack-20260719T2130-nimo1/main-mount/lab-parent 125 257 62 1000 700 aa8d22853ce14a10aeb51109245ad61a 162cdb5e11c84aca89d4bd90b63b8dd6 /var/tmp/halofpx-l05s-attack-20260719T2130-nimo1/main-mount/lab-parent/candidate-root/../candidate-root 125 258 62 1000 700 aa8d22853ce14a10aeb51109245ad61a 162cdb5e11c84aca89d4bd90b63b8dd6 /var/tmp/halofpx-l05s-attack-20260719T2130-nimo1/main-mount/lab-parent/fixture 125 259 62 1000 700 aa8d22853ce14a10aeb51109245ad61a 162cdb5e11c84aca89d4bd90b63b8dd6 125 263 halofpx-l05s-final-nimo1 1 
2026-07-19T04:16:22,348176612-07:00	traversal-fixture-22	pid=2163262	/var/tmp/halofpx-qualification/l05s-preinit-20260719-nimo1/build-release/bin/test-halofpx-context-store-registry-lab-linux-preinit --launch-qualify invalid_request /var/tmp/halofpx-l05s-attack-20260719T2130-nimo1/main-mount/lab-parent 125 257 62 1000 700 aa8d22853ce14a10aeb51109245ad61a 162cdb5e11c84aca89d4bd90b63b8dd6 /var/tmp/halofpx-l05s-attack-20260719T2130-nimo1/main-mount/lab-parent/candidate-root 125 258 62 1000 700 aa8d22853ce14a10aeb51109245ad61a 162cdb5e11c84aca89d4bd90b63b8dd6 /var/tmp/halofpx-l05s-attack-20260719T2130-nimo1/main-mount/lab-parent/fixture/../fixture 125 259 62 1000 700 aa8d22853ce14a10aeb51109245ad61a 162cdb5e11c84aca89d4bd90b63b8dd6 125 263 halofpx-l05s-final-nimo1 1 
2026-07-19T04:16:22,352418367-07:00	traversal-root-23	pid=2163262	/var/tmp/halofpx-qualification/l05s-preinit-20260719-nimo1/build-release/bin/test-halofpx-context-store-registry-lab-linux-preinit --launch-qualify invalid_request /var/tmp/halofpx-l05s-attack-20260719T2130-nimo1/main-mount/lab-parent 125 257 62 1000 700 aa8d22853ce14a10aeb51109245ad61a 162cdb5e11c84aca89d4bd90b63b8dd6 /var/tmp/halofpx-l05s-attack-20260719T2130-nimo1/main-mount/lab-parent/candidate-root/../candidate-root 125 258 62 1000 700 aa8d22853ce14a10aeb51109245ad61a 162cdb5e11c84aca89d4bd90b63b8dd6 /var/tmp/halofpx-l05s-attack-20260719T2130-nimo1/main-mount/lab-parent/fixture 125 259 62 1000 700 aa8d22853ce14a10aeb51109245ad61a 162cdb5e11c84aca89d4bd90b63b8dd6 125 263 halofpx-l05s-final-nimo1 1 
2026-07-19T04:16:22,356617164-07:00	traversal-fixture-24	pid=2163262	/var/tmp/halofpx-qualification/l05s-preinit-20260719-nimo1/build-release/bin/test-halofpx-context-store-registry-lab-linux-preinit --launch-qualify invalid_request /var/tmp/halofpx-l05s-attack-20260719T2130-nimo1/main-mount/lab-parent 125 257 62 1000 700 aa8d22853ce14a10aeb51109245ad61a 162cdb5e11c84aca89d4bd90b63b8dd6 /var/tmp/halofpx-l05s-attack-20260719T2130-nimo1/main-mount/lab-parent/candidate-root 125 258 62 1000 700 aa8d22853ce14a10aeb51109245ad61a 162cdb5e11c84aca89d4bd90b63b8dd6 /var/tmp/halofpx-l05s-attack-20260719T2130-nimo1/main-mount/lab-parent/fixture/../fixture 125 259 62 1000 700 aa8d22853ce14a10aeb51109245ad61a 162cdb5e11c84aca89d4bd90b63b8dd6 125 263 halofpx-l05s-final-nimo1 1 
2026-07-19T04:16:22,360787861-07:00	traversal-root-25	pid=2163262	/var/tmp/halofpx-qualification/l05s-preinit-20260719-nimo1/build-release/bin/test-halofpx-context-store-registry-lab-linux-preinit --launch-qualify invalid_request /var/tmp/halofpx-l05s-attack-20260719T2130-nimo1/main-mount/lab-parent 125 257 62 1000 700 aa8d22853ce14a10aeb51109245ad61a 162cdb5e11c84aca89d4bd90b63b8dd6 /var/tmp/halofpx-l05s-attack-20260719T2130-nimo1/main-mount/lab-parent/candidate-root/../candidate-root 125 258 62 1000 700 aa8d22853ce14a10aeb51109245ad61a 162cdb5e11c84aca89d4bd90b63b8dd6 /var/tmp/halofpx-l05s-attack-20260719T2130-nimo1/main-mount/lab-parent/fixture 125 259 62 1000 700 aa8d22853ce14a10aeb51109245ad61a 162cdb5e11c84aca89d4bd90b63b8dd6 125 263 halofpx-l05s-final-nimo1 1 
2026-07-19T04:16:22,365822351-07:00	cross-mount-1	pid=2163262	/var/tmp/halofpx-qualification/l05s-preinit-20260719-nimo1/build-release/bin/test-halofpx-context-store-registry-lab-linux-preinit --launch-qualify invalid_request /var/tmp/halofpx-l05s-attack-20260719T2130-nimo1/main-mount/lab-parent 125 257 62 1000 700 aa8d22853ce14a10aeb51109245ad61a 162cdb5e11c84aca89d4bd90b63b8dd6 /var/tmp/halofpx-l05s-attack-20260719T2130-nimo1/main-mount/lab-parent/cross-root 125 260 62 1000 700 aa8d22853ce14a10aeb51109245ad61a 162cdb5e11c84aca89d4bd90b63b8dd6 /var/tmp/halofpx-l05s-attack-20260719T2130-nimo1/main-mount/lab-parent/fixture 125 259 62 1000 700 aa8d22853ce14a10aeb51109245ad61a 162cdb5e11c84aca89d4bd90b63b8dd6 125 263 halofpx-l05s-final-nimo1 1 
2026-07-19T04:16:22,370209532-07:00	cross-mount-2	pid=2163262	/var/tmp/halofpx-qualification/l05s-preinit-20260719-nimo1/build-release/bin/test-halofpx-context-store-registry-lab-linux-preinit --launch-qualify invalid_request /var/tmp/halofpx-l05s-attack-20260719T2130-nimo1/main-mount/lab-parent 125 257 62 1000 700 aa8d22853ce14a10aeb51109245ad61a 162cdb5e11c84aca89d4bd90b63b8dd6 /var/tmp/halofpx-l05s-attack-20260719T2130-nimo1/main-mount/lab-parent/cross-root 125 260 62 1000 700 aa8d22853ce14a10aeb51109245ad61a 162cdb5e11c84aca89d4bd90b63b8dd6 /var/tmp/halofpx-l05s-attack-20260719T2130-nimo1/main-mount/lab-parent/fixture 125 259 62 1000 700 aa8d22853ce14a10aeb51109245ad61a 162cdb5e11c84aca89d4bd90b63b8dd6 125 263 halofpx-l05s-final-nimo1 1 
2026-07-19T04:16:22,374459836-07:00	cross-mount-3	pid=2163262	/var/tmp/halofpx-qualification/l05s-preinit-20260719-nimo1/build-release/bin/test-halofpx-context-store-registry-lab-linux-preinit --launch-qualify invalid_request /var/tmp/halofpx-l05s-attack-20260719T2130-nimo1/main-mount/lab-parent 125 257 62 1000 700 aa8d22853ce14a10aeb51109245ad61a 162cdb5e11c84aca89d4bd90b63b8dd6 /var/tmp/halofpx-l05s-attack-20260719T2130-nimo1/main-mount/lab-parent/cross-root 125 260 62 1000 700 aa8d22853ce14a10aeb51109245ad61a 162cdb5e11c84aca89d4bd90b63b8dd6 /var/tmp/halofpx-l05s-attack-20260719T2130-nimo1/main-mount/lab-parent/fixture 125 259 62 1000 700 aa8d22853ce14a10aeb51109245ad61a 162cdb5e11c84aca89d4bd90b63b8dd6 125 263 halofpx-l05s-final-nimo1 1 
2026-07-19T04:16:22,378705172-07:00	cross-mount-4	pid=2163262	/var/tmp/halofpx-qualification/l05s-preinit-20260719-nimo1/build-release/bin/test-halofpx-context-store-registry-lab-linux-preinit --launch-qualify invalid_request /var/tmp/halofpx-l05s-attack-20260719T2130-nimo1/main-mount/lab-parent 125 257 62 1000 700 aa8d22853ce14a10aeb51109245ad61a 162cdb5e11c84aca89d4bd90b63b8dd6 /var/tmp/halofpx-l05s-attack-20260719T2130-nimo1/main-mount/lab-parent/cross-root 125 260 62 1000 700 aa8d22853ce14a10aeb51109245ad61a 162cdb5e11c84aca89d4bd90b63b8dd6 /var/tmp/halofpx-l05s-attack-20260719T2130-nimo1/main-mount/lab-parent/fixture 125 259 62 1000 700 aa8d22853ce14a10aeb51109245ad61a 162cdb5e11c84aca89d4bd90b63b8dd6 125 263 halofpx-l05s-final-nimo1 1 
2026-07-19T04:16:22,382804711-07:00	cross-mount-5	pid=2163262	/var/tmp/halofpx-qualification/l05s-preinit-20260719-nimo1/build-release/bin/test-halofpx-context-store-registry-lab-linux-preinit --launch-qualify invalid_request /var/tmp/halofpx-l05s-attack-20260719T2130-nimo1/main-mount/lab-parent 125 257 62 1000 700 aa8d22853ce14a10aeb51109245ad61a 162cdb5e11c84aca89d4bd90b63b8dd6 /var/tmp/halofpx-l05s-attack-20260719T2130-nimo1/main-mount/lab-parent/cross-root 125 260 62 1000 700 aa8d22853ce14a10aeb51109245ad61a 162cdb5e11c84aca89d4bd90b63b8dd6 /var/tmp/halofpx-l05s-attack-20260719T2130-nimo1/main-mount/lab-parent/fixture 125 259 62 1000 700 aa8d22853ce14a10aeb51109245ad61a 162cdb5e11c84aca89d4bd90b63b8dd6 125 263 halofpx-l05s-final-nimo1 1 
2026-07-19T04:16:22,387744394-07:00	cross-mount-6	pid=2163262	/var/tmp/halofpx-qualification/l05s-preinit-20260719-nimo1/build-release/bin/test-halofpx-context-store-registry-lab-linux-preinit --launch-qualify invalid_request /var/tmp/halofpx-l05s-attack-20260719T2130-nimo1/main-mount/lab-parent 125 257 62 1000 700 aa8d22853ce14a10aeb51109245ad61a 162cdb5e11c84aca89d4bd90b63b8dd6 /var/tmp/halofpx-l05s-attack-20260719T2130-nimo1/main-mount/lab-parent/cross-root 125 260 62 1000 700 aa8d22853ce14a10aeb51109245ad61a 162cdb5e11c84aca89d4bd90b63b8dd6 /var/tmp/halofpx-l05s-attack-20260719T2130-nimo1/main-mount/lab-parent/fixture 125 259 62 1000 700 aa8d22853ce14a10aeb51109245ad61a 162cdb5e11c84aca89d4bd90b63b8dd6 125 263 halofpx-l05s-final-nimo1 1 
2026-07-19T04:16:22,392141534-07:00	cross-mount-7	pid=2163262	/var/tmp/halofpx-qualification/l05s-preinit-20260719-nimo1/build-release/bin/test-halofpx-context-store-registry-lab-linux-preinit --launch-qualify invalid_request /var/tmp/halofpx-l05s-attack-20260719T2130-nimo1/main-mount/lab-parent 125 257 62 1000 700 aa8d22853ce14a10aeb51109245ad61a 162cdb5e11c84aca89d4bd90b63b8dd6 /var/tmp/halofpx-l05s-attack-20260719T2130-nimo1/main-mount/lab-parent/cross-root 125 260 62 1000 700 aa8d22853ce14a10aeb51109245ad61a 162cdb5e11c84aca89d4bd90b63b8dd6 /var/tmp/halofpx-l05s-attack-20260719T2130-nimo1/main-mount/lab-parent/fixture 125 259 62 1000 700 aa8d22853ce14a10aeb51109245ad61a 162cdb5e11c84aca89d4bd90b63b8dd6 125 263 halofpx-l05s-final-nimo1 1 
2026-07-19T04:16:22,396216795-07:00	cross-mount-8	pid=2163262	/var/tmp/halofpx-qualification/l05s-preinit-20260719-nimo1/build-release/bin/test-halofpx-context-store-registry-lab-linux-preinit --launch-qualify invalid_request /var/tmp/halofpx-l05s-attack-20260719T2130-nimo1/main-mount/lab-parent 125 257 62 1000 700 aa8d22853ce14a10aeb51109245ad61a 162cdb5e11c84aca89d4bd90b63b8dd6 /var/tmp/halofpx-l05s-attack-20260719T2130-nimo1/main-mount/lab-parent/cross-root 125 260 62 1000 700 aa8d22853ce14a10aeb51109245ad61a 162cdb5e11c84aca89d4bd90b63b8dd6 /var/tmp/halofpx-l05s-attack-20260719T2130-nimo1/main-mount/lab-parent/fixture 125 259 62 1000 700 aa8d22853ce14a10aeb51109245ad61a 162cdb5e11c84aca89d4bd90b63b8dd6 125 263 halofpx-l05s-final-nimo1 1 
2026-07-19T04:16:22,400534248-07:00	cross-mount-9	pid=2163262	/var/tmp/halofpx-qualification/l05s-preinit-20260719-nimo1/build-release/bin/test-halofpx-context-store-registry-lab-linux-preinit --launch-qualify invalid_request /var/tmp/halofpx-l05s-attack-20260719T2130-nimo1/main-mount/lab-parent 125 257 62 1000 700 aa8d22853ce14a10aeb51109245ad61a 162cdb5e11c84aca89d4bd90b63b8dd6 /var/tmp/halofpx-l05s-attack-20260719T2130-nimo1/main-mount/lab-parent/cross-root 125 260 62 1000 700 aa8d22853ce14a10aeb51109245ad61a 162cdb5e11c84aca89d4bd90b63b8dd6 /var/tmp/halofpx-l05s-attack-20260719T2130-nimo1/main-mount/lab-parent/fixture 125 259 62 1000 700 aa8d22853ce14a10aeb51109245ad61a 162cdb5e11c84aca89d4bd90b63b8dd6 125 263 halofpx-l05s-final-nimo1 1 
2026-07-19T04:16:22,404697675-07:00	cross-mount-10	pid=2163262	/var/tmp/halofpx-qualification/l05s-preinit-20260719-nimo1/build-release/bin/test-halofpx-context-store-registry-lab-linux-preinit --launch-qualify invalid_request /var/tmp/halofpx-l05s-attack-20260719T2130-nimo1/main-mount/lab-parent 125 257 62 1000 700 aa8d22853ce14a10aeb51109245ad61a 162cdb5e11c84aca89d4bd90b63b8dd6 /var/tmp/halofpx-l05s-attack-20260719T2130-nimo1/main-mount/lab-parent/cross-root 125 260 62 1000 700 aa8d22853ce14a10aeb51109245ad61a 162cdb5e11c84aca89d4bd90b63b8dd6 /var/tmp/halofpx-l05s-attack-20260719T2130-nimo1/main-mount/lab-parent/fixture 125 259 62 1000 700 aa8d22853ce14a10aeb51109245ad61a 162cdb5e11c84aca89d4bd90b63b8dd6 125 263 halofpx-l05s-final-nimo1 1 
2026-07-19T04:16:22,408815304-07:00	cross-mount-11	pid=2163262	/var/tmp/halofpx-qualification/l05s-preinit-20260719-nimo1/build-release/bin/test-halofpx-context-store-registry-lab-linux-preinit --launch-qualify invalid_request /var/tmp/halofpx-l05s-attack-20260719T2130-nimo1/main-mount/lab-parent 125 257 62 1000 700 aa8d22853ce14a10aeb51109245ad61a 162cdb5e11c84aca89d4bd90b63b8dd6 /var/tmp/halofpx-l05s-attack-20260719T2130-nimo1/main-mount/lab-parent/cross-root 125 260 62 1000 700 aa8d22853ce14a10aeb51109245ad61a 162cdb5e11c84aca89d4bd90b63b8dd6 /var/tmp/halofpx-l05s-attack-20260719T2130-nimo1/main-mount/lab-parent/fixture 125 259 62 1000 700 aa8d22853ce14a10aeb51109245ad61a 162cdb5e11c84aca89d4bd90b63b8dd6 125 263 halofpx-l05s-final-nimo1 1 
2026-07-19T04:16:22,413094638-07:00	cross-mount-12	pid=2163262	/var/tmp/halofpx-qualification/l05s-preinit-20260719-nimo1/build-release/bin/test-halofpx-context-store-registry-lab-linux-preinit --launch-qualify invalid_request /var/tmp/halofpx-l05s-attack-20260719T2130-nimo1/main-mount/lab-parent 125 257 62 1000 700 aa8d22853ce14a10aeb51109245ad61a 162cdb5e11c84aca89d4bd90b63b8dd6 /var/tmp/halofpx-l05s-attack-20260719T2130-nimo1/main-mount/lab-parent/cross-root 125 260 62 1000 700 aa8d22853ce14a10aeb51109245ad61a 162cdb5e11c84aca89d4bd90b63b8dd6 /var/tmp/halofpx-l05s-attack-20260719T2130-nimo1/main-mount/lab-parent/fixture 125 259 62 1000 700 aa8d22853ce14a10aeb51109245ad61a 162cdb5e11c84aca89d4bd90b63b8dd6 125 263 halofpx-l05s-final-nimo1 1 
2026-07-19T04:16:22,417913525-07:00	cross-mount-13	pid=2163262	/var/tmp/halofpx-qualification/l05s-preinit-20260719-nimo1/build-release/bin/test-halofpx-context-store-registry-lab-linux-preinit --launch-qualify invalid_request /var/tmp/halofpx-l05s-attack-20260719T2130-nimo1/main-mount/lab-parent 125 257 62 1000 700 aa8d22853ce14a10aeb51109245ad61a 162cdb5e11c84aca89d4bd90b63b8dd6 /var/tmp/halofpx-l05s-attack-20260719T2130-nimo1/main-mount/lab-parent/cross-root 125 260 62 1000 700 aa8d22853ce14a10aeb51109245ad61a 162cdb5e11c84aca89d4bd90b63b8dd6 /var/tmp/halofpx-l05s-attack-20260719T2130-nimo1/main-mount/lab-parent/fixture 125 259 62 1000 700 aa8d22853ce14a10aeb51109245ad61a 162cdb5e11c84aca89d4bd90b63b8dd6 125 263 halofpx-l05s-final-nimo1 1 
2026-07-19T04:16:22,422198879-07:00	cross-mount-14	pid=2163262	/var/tmp/halofpx-qualification/l05s-preinit-20260719-nimo1/build-release/bin/test-halofpx-context-store-registry-lab-linux-preinit --launch-qualify invalid_request /var/tmp/halofpx-l05s-attack-20260719T2130-nimo1/main-mount/lab-parent 125 257 62 1000 700 aa8d22853ce14a10aeb51109245ad61a 162cdb5e11c84aca89d4bd90b63b8dd6 /var/tmp/halofpx-l05s-attack-20260719T2130-nimo1/main-mount/lab-parent/cross-root 125 260 62 1000 700 aa8d22853ce14a10aeb51109245ad61a 162cdb5e11c84aca89d4bd90b63b8dd6 /var/tmp/halofpx-l05s-attack-20260719T2130-nimo1/main-mount/lab-parent/fixture 125 259 62 1000 700 aa8d22853ce14a10aeb51109245ad61a 162cdb5e11c84aca89d4bd90b63b8dd6 125 263 halofpx-l05s-final-nimo1 1 
2026-07-19T04:16:22,426467983-07:00	cross-mount-15	pid=2163262	/var/tmp/halofpx-qualification/l05s-preinit-20260719-nimo1/build-release/bin/test-halofpx-context-store-registry-lab-linux-preinit --launch-qualify invalid_request /var/tmp/halofpx-l05s-attack-20260719T2130-nimo1/main-mount/lab-parent 125 257 62 1000 700 aa8d22853ce14a10aeb51109245ad61a 162cdb5e11c84aca89d4bd90b63b8dd6 /var/tmp/halofpx-l05s-attack-20260719T2130-nimo1/main-mount/lab-parent/cross-root 125 260 62 1000 700 aa8d22853ce14a10aeb51109245ad61a 162cdb5e11c84aca89d4bd90b63b8dd6 /var/tmp/halofpx-l05s-attack-20260719T2130-nimo1/main-mount/lab-parent/fixture 125 259 62 1000 700 aa8d22853ce14a10aeb51109245ad61a 162cdb5e11c84aca89d4bd90b63b8dd6 125 263 halofpx-l05s-final-nimo1 1 
2026-07-19T04:16:22,430674830-07:00	cross-mount-16	pid=2163262	/var/tmp/halofpx-qualification/l05s-preinit-20260719-nimo1/build-release/bin/test-halofpx-context-store-registry-lab-linux-preinit --launch-qualify invalid_request /var/tmp/halofpx-l05s-attack-20260719T2130-nimo1/main-mount/lab-parent 125 257 62 1000 700 aa8d22853ce14a10aeb51109245ad61a 162cdb5e11c84aca89d4bd90b63b8dd6 /var/tmp/halofpx-l05s-attack-20260719T2130-nimo1/main-mount/lab-parent/cross-root 125 260 62 1000 700 aa8d22853ce14a10aeb51109245ad61a 162cdb5e11c84aca89d4bd90b63b8dd6 /var/tmp/halofpx-l05s-attack-20260719T2130-nimo1/main-mount/lab-parent/fixture 125 259 62 1000 700 aa8d22853ce14a10aeb51109245ad61a 162cdb5e11c84aca89d4bd90b63b8dd6 125 263 halofpx-l05s-final-nimo1 1 
2026-07-19T04:16:22,434814618-07:00	cross-mount-17	pid=2163262	/var/tmp/halofpx-qualification/l05s-preinit-20260719-nimo1/build-release/bin/test-halofpx-context-store-registry-lab-linux-preinit --launch-qualify invalid_request /var/tmp/halofpx-l05s-attack-20260719T2130-nimo1/main-mount/lab-parent 125 257 62 1000 700 aa8d22853ce14a10aeb51109245ad61a 162cdb5e11c84aca89d4bd90b63b8dd6 /var/tmp/halofpx-l05s-attack-20260719T2130-nimo1/main-mount/lab-parent/cross-root 125 260 62 1000 700 aa8d22853ce14a10aeb51109245ad61a 162cdb5e11c84aca89d4bd90b63b8dd6 /var/tmp/halofpx-l05s-attack-20260719T2130-nimo1/main-mount/lab-parent/fixture 125 259 62 1000 700 aa8d22853ce14a10aeb51109245ad61a 162cdb5e11c84aca89d4bd90b63b8dd6 125 263 halofpx-l05s-final-nimo1 1 
2026-07-19T04:16:22,439996053-07:00	cross-mount-18	pid=2163262	/var/tmp/halofpx-qualification/l05s-preinit-20260719-nimo1/build-release/bin/test-halofpx-context-store-registry-lab-linux-preinit --launch-qualify invalid_request /var/tmp/halofpx-l05s-attack-20260719T2130-nimo1/main-mount/lab-parent 125 257 62 1000 700 aa8d22853ce14a10aeb51109245ad61a 162cdb5e11c84aca89d4bd90b63b8dd6 /var/tmp/halofpx-l05s-attack-20260719T2130-nimo1/main-mount/lab-parent/cross-root 125 260 62 1000 700 aa8d22853ce14a10aeb51109245ad61a 162cdb5e11c84aca89d4bd90b63b8dd6 /var/tmp/halofpx-l05s-attack-20260719T2130-nimo1/main-mount/lab-parent/fixture 125 259 62 1000 700 aa8d22853ce14a10aeb51109245ad61a 162cdb5e11c84aca89d4bd90b63b8dd6 125 263 halofpx-l05s-final-nimo1 1 
2026-07-19T04:16:22,444426312-07:00	cross-mount-19	pid=2163262	/var/tmp/halofpx-qualification/l05s-preinit-20260719-nimo1/build-release/bin/test-halofpx-context-store-registry-lab-linux-preinit --launch-qualify invalid_request /var/tmp/halofpx-l05s-attack-20260719T2130-nimo1/main-mount/lab-parent 125 257 62 1000 700 aa8d22853ce14a10aeb51109245ad61a 162cdb5e11c84aca89d4bd90b63b8dd6 /var/tmp/halofpx-l05s-attack-20260719T2130-nimo1/main-mount/lab-parent/cross-root 125 260 62 1000 700 aa8d22853ce14a10aeb51109245ad61a 162cdb5e11c84aca89d4bd90b63b8dd6 /var/tmp/halofpx-l05s-attack-20260719T2130-nimo1/main-mount/lab-parent/fixture 125 259 62 1000 700 aa8d22853ce14a10aeb51109245ad61a 162cdb5e11c84aca89d4bd90b63b8dd6 125 263 halofpx-l05s-final-nimo1 1 
2026-07-19T04:16:22,448935499-07:00	cross-mount-20	pid=2163262	/var/tmp/halofpx-qualification/l05s-preinit-20260719-nimo1/build-release/bin/test-halofpx-context-store-registry-lab-linux-preinit --launch-qualify invalid_request /var/tmp/halofpx-l05s-attack-20260719T2130-nimo1/main-mount/lab-parent 125 257 62 1000 700 aa8d22853ce14a10aeb51109245ad61a 162cdb5e11c84aca89d4bd90b63b8dd6 /var/tmp/halofpx-l05s-attack-20260719T2130-nimo1/main-mount/lab-parent/cross-root 125 260 62 1000 700 aa8d22853ce14a10aeb51109245ad61a 162cdb5e11c84aca89d4bd90b63b8dd6 /var/tmp/halofpx-l05s-attack-20260719T2130-nimo1/main-mount/lab-parent/fixture 125 259 62 1000 700 aa8d22853ce14a10aeb51109245ad61a 162cdb5e11c84aca89d4bd90b63b8dd6 125 263 halofpx-l05s-final-nimo1 1 
2026-07-19T04:16:22,453680558-07:00	cross-mount-21	pid=2163262	/var/tmp/halofpx-qualification/l05s-preinit-20260719-nimo1/build-release/bin/test-halofpx-context-store-registry-lab-linux-preinit --launch-qualify invalid_request /var/tmp/halofpx-l05s-attack-20260719T2130-nimo1/main-mount/lab-parent 125 257 62 1000 700 aa8d22853ce14a10aeb51109245ad61a 162cdb5e11c84aca89d4bd90b63b8dd6 /var/tmp/halofpx-l05s-attack-20260719T2130-nimo1/main-mount/lab-parent/cross-root 125 260 62 1000 700 aa8d22853ce14a10aeb51109245ad61a 162cdb5e11c84aca89d4bd90b63b8dd6 /var/tmp/halofpx-l05s-attack-20260719T2130-nimo1/main-mount/lab-parent/fixture 125 259 62 1000 700 aa8d22853ce14a10aeb51109245ad61a 162cdb5e11c84aca89d4bd90b63b8dd6 125 263 halofpx-l05s-final-nimo1 1 
2026-07-19T04:16:22,457909564-07:00	cross-mount-22	pid=2163262	/var/tmp/halofpx-qualification/l05s-preinit-20260719-nimo1/build-release/bin/test-halofpx-context-store-registry-lab-linux-preinit --launch-qualify invalid_request /var/tmp/halofpx-l05s-attack-20260719T2130-nimo1/main-mount/lab-parent 125 257 62 1000 700 aa8d22853ce14a10aeb51109245ad61a 162cdb5e11c84aca89d4bd90b63b8dd6 /var/tmp/halofpx-l05s-attack-20260719T2130-nimo1/main-mount/lab-parent/cross-root 125 260 62 1000 700 aa8d22853ce14a10aeb51109245ad61a 162cdb5e11c84aca89d4bd90b63b8dd6 /var/tmp/halofpx-l05s-attack-20260719T2130-nimo1/main-mount/lab-parent/fixture 125 259 62 1000 700 aa8d22853ce14a10aeb51109245ad61a 162cdb5e11c84aca89d4bd90b63b8dd6 125 263 halofpx-l05s-final-nimo1 1 
2026-07-19T04:16:22,462221947-07:00	cross-mount-23	pid=2163262	/var/tmp/halofpx-qualification/l05s-preinit-20260719-nimo1/build-release/bin/test-halofpx-context-store-registry-lab-linux-preinit --launch-qualify invalid_request /var/tmp/halofpx-l05s-attack-20260719T2130-nimo1/main-mount/lab-parent 125 257 62 1000 700 aa8d22853ce14a10aeb51109245ad61a 162cdb5e11c84aca89d4bd90b63b8dd6 /var/tmp/halofpx-l05s-attack-20260719T2130-nimo1/main-mount/lab-parent/cross-root 125 260 62 1000 700 aa8d22853ce14a10aeb51109245ad61a 162cdb5e11c84aca89d4bd90b63b8dd6 /var/tmp/halofpx-l05s-attack-20260719T2130-nimo1/main-mount/lab-parent/fixture 125 259 62 1000 700 aa8d22853ce14a10aeb51109245ad61a 162cdb5e11c84aca89d4bd90b63b8dd6 125 263 halofpx-l05s-final-nimo1 1 
2026-07-19T04:16:22,466888028-07:00	cross-mount-24	pid=2163262	/var/tmp/halofpx-qualification/l05s-preinit-20260719-nimo1/build-release/bin/test-halofpx-context-store-registry-lab-linux-preinit --launch-qualify invalid_request /var/tmp/halofpx-l05s-attack-20260719T2130-nimo1/main-mount/lab-parent 125 257 62 1000 700 aa8d22853ce14a10aeb51109245ad61a 162cdb5e11c84aca89d4bd90b63b8dd6 /var/tmp/halofpx-l05s-attack-20260719T2130-nimo1/main-mount/lab-parent/cross-root 125 260 62 1000 700 aa8d22853ce14a10aeb51109245ad61a 162cdb5e11c84aca89d4bd90b63b8dd6 /var/tmp/halofpx-l05s-attack-20260719T2130-nimo1/main-mount/lab-parent/fixture 125 259 62 1000 700 aa8d22853ce14a10aeb51109245ad61a 162cdb5e11c84aca89d4bd90b63b8dd6 125 263 halofpx-l05s-final-nimo1 1 
2026-07-19T04:16:22,471351657-07:00	cross-mount-25	pid=2163262	/var/tmp/halofpx-qualification/l05s-preinit-20260719-nimo1/build-release/bin/test-halofpx-context-store-registry-lab-linux-preinit --launch-qualify invalid_request /var/tmp/halofpx-l05s-attack-20260719T2130-nimo1/main-mount/lab-parent 125 257 62 1000 700 aa8d22853ce14a10aeb51109245ad61a 162cdb5e11c84aca89d4bd90b63b8dd6 /var/tmp/halofpx-l05s-attack-20260719T2130-nimo1/main-mount/lab-parent/cross-root 125 260 62 1000 700 aa8d22853ce14a10aeb51109245ad61a 162cdb5e11c84aca89d4bd90b63b8dd6 /var/tmp/halofpx-l05s-attack-20260719T2130-nimo1/main-mount/lab-parent/fixture 125 259 62 1000 700 aa8d22853ce14a10aeb51109245ad61a 162cdb5e11c84aca89d4bd90b63b8dd6 125 263 halofpx-l05s-final-nimo1 1 
2026-07-19T04:16:22,489423592-07:00	inode-replacement-1	pid=2163262	/var/tmp/halofpx-qualification/l05s-preinit-20260719-nimo1/build-release/bin/test-halofpx-context-store-registry-lab-linux-preinit --launch-qualify invalid_request /var/tmp/halofpx-l05s-attack-20260719T2130-nimo1/main-mount/lab-parent 125 257 62 1000 700 aa8d22853ce14a10aeb51109245ad61a 162cdb5e11c84aca89d4bd90b63b8dd6 /var/tmp/halofpx-l05s-attack-20260719T2130-nimo1/main-mount/lab-parent/candidate-root 125 258 62 1000 700 aa8d22853ce14a10aeb51109245ad61a 162cdb5e11c84aca89d4bd90b63b8dd6 /var/tmp/halofpx-l05s-attack-20260719T2130-nimo1/main-mount/lab-parent/fixture 125 259 62 1000 700 aa8d22853ce14a10aeb51109245ad61a 162cdb5e11c84aca89d4bd90b63b8dd6 125 263 halofpx-l05s-final-nimo1 1 
2026-07-19T04:16:22,494333056-07:00	inode-replacement-2	pid=2163262	/var/tmp/halofpx-qualification/l05s-preinit-20260719-nimo1/build-release/bin/test-halofpx-context-store-registry-lab-linux-preinit --launch-qualify invalid_request /var/tmp/halofpx-l05s-attack-20260719T2130-nimo1/main-mount/lab-parent 125 257 62 1000 700 aa8d22853ce14a10aeb51109245ad61a 162cdb5e11c84aca89d4bd90b63b8dd6 /var/tmp/halofpx-l05s-attack-20260719T2130-nimo1/main-mount/lab-parent/candidate-root 125 258 62 1000 700 aa8d22853ce14a10aeb51109245ad61a 162cdb5e11c84aca89d4bd90b63b8dd6 /var/tmp/halofpx-l05s-attack-20260719T2130-nimo1/main-mount/lab-parent/fixture 125 259 62 1000 700 aa8d22853ce14a10aeb51109245ad61a 162cdb5e11c84aca89d4bd90b63b8dd6 125 263 halofpx-l05s-final-nimo1 1 
2026-07-19T04:16:22,498960369-07:00	inode-replacement-3	pid=2163262	/var/tmp/halofpx-qualification/l05s-preinit-20260719-nimo1/build-release/bin/test-halofpx-context-store-registry-lab-linux-preinit --launch-qualify invalid_request /var/tmp/halofpx-l05s-attack-20260719T2130-nimo1/main-mount/lab-parent 125 257 62 1000 700 aa8d22853ce14a10aeb51109245ad61a 162cdb5e11c84aca89d4bd90b63b8dd6 /var/tmp/halofpx-l05s-attack-20260719T2130-nimo1/main-mount/lab-parent/candidate-root 125 258 62 1000 700 aa8d22853ce14a10aeb51109245ad61a 162cdb5e11c84aca89d4bd90b63b8dd6 /var/tmp/halofpx-l05s-attack-20260719T2130-nimo1/main-mount/lab-parent/fixture 125 259 62 1000 700 aa8d22853ce14a10aeb51109245ad61a 162cdb5e11c84aca89d4bd90b63b8dd6 125 263 halofpx-l05s-final-nimo1 1 
2026-07-19T04:16:22,503689929-07:00	inode-replacement-4	pid=2163262	/var/tmp/halofpx-qualification/l05s-preinit-20260719-nimo1/build-release/bin/test-halofpx-context-store-registry-lab-linux-preinit --launch-qualify invalid_request /var/tmp/halofpx-l05s-attack-20260719T2130-nimo1/main-mount/lab-parent 125 257 62 1000 700 aa8d22853ce14a10aeb51109245ad61a 162cdb5e11c84aca89d4bd90b63b8dd6 /var/tmp/halofpx-l05s-attack-20260719T2130-nimo1/main-mount/lab-parent/candidate-root 125 258 62 1000 700 aa8d22853ce14a10aeb51109245ad61a 162cdb5e11c84aca89d4bd90b63b8dd6 /var/tmp/halofpx-l05s-attack-20260719T2130-nimo1/main-mount/lab-parent/fixture 125 259 62 1000 700 aa8d22853ce14a10aeb51109245ad61a 162cdb5e11c84aca89d4bd90b63b8dd6 125 263 halofpx-l05s-final-nimo1 1 
2026-07-19T04:16:22,508036931-07:00	inode-replacement-5	pid=2163262	/var/tmp/halofpx-qualification/l05s-preinit-20260719-nimo1/build-release/bin/test-halofpx-context-store-registry-lab-linux-preinit --launch-qualify invalid_request /var/tmp/halofpx-l05s-attack-20260719T2130-nimo1/main-mount/lab-parent 125 257 62 1000 700 aa8d22853ce14a10aeb51109245ad61a 162cdb5e11c84aca89d4bd90b63b8dd6 /var/tmp/halofpx-l05s-attack-20260719T2130-nimo1/main-mount/lab-parent/candidate-root 125 258 62 1000 700 aa8d22853ce14a10aeb51109245ad61a 162cdb5e11c84aca89d4bd90b63b8dd6 /var/tmp/halofpx-l05s-attack-20260719T2130-nimo1/main-mount/lab-parent/fixture 125 259 62 1000 700 aa8d22853ce14a10aeb51109245ad61a 162cdb5e11c84aca89d4bd90b63b8dd6 125 263 halofpx-l05s-final-nimo1 1 
2026-07-19T04:16:22,512359223-07:00	inode-replacement-6	pid=2163262	/var/tmp/halofpx-qualification/l05s-preinit-20260719-nimo1/build-release/bin/test-halofpx-context-store-registry-lab-linux-preinit --launch-qualify invalid_request /var/tmp/halofpx-l05s-attack-20260719T2130-nimo1/main-mount/lab-parent 125 257 62 1000 700 aa8d22853ce14a10aeb51109245ad61a 162cdb5e11c84aca89d4bd90b63b8dd6 /var/tmp/halofpx-l05s-attack-20260719T2130-nimo1/main-mount/lab-parent/candidate-root 125 258 62 1000 700 aa8d22853ce14a10aeb51109245ad61a 162cdb5e11c84aca89d4bd90b63b8dd6 /var/tmp/halofpx-l05s-attack-20260719T2130-nimo1/main-mount/lab-parent/fixture 125 259 62 1000 700 aa8d22853ce14a10aeb51109245ad61a 162cdb5e11c84aca89d4bd90b63b8dd6 125 263 halofpx-l05s-final-nimo1 1 
2026-07-19T04:16:22,517484520-07:00	inode-replacement-7	pid=2163262	/var/tmp/halofpx-qualification/l05s-preinit-20260719-nimo1/build-release/bin/test-halofpx-context-store-registry-lab-linux-preinit --launch-qualify invalid_request /var/tmp/halofpx-l05s-attack-20260719T2130-nimo1/main-mount/lab-parent 125 257 62 1000 700 aa8d22853ce14a10aeb51109245ad61a 162cdb5e11c84aca89d4bd90b63b8dd6 /var/tmp/halofpx-l05s-attack-20260719T2130-nimo1/main-mount/lab-parent/candidate-root 125 258 62 1000 700 aa8d22853ce14a10aeb51109245ad61a 162cdb5e11c84aca89d4bd90b63b8dd6 /var/tmp/halofpx-l05s-attack-20260719T2130-nimo1/main-mount/lab-parent/fixture 125 259 62 1000 700 aa8d22853ce14a10aeb51109245ad61a 162cdb5e11c84aca89d4bd90b63b8dd6 125 263 halofpx-l05s-final-nimo1 1 
2026-07-19T04:16:22,521851871-07:00	inode-replacement-8	pid=2163262	/var/tmp/halofpx-qualification/l05s-preinit-20260719-nimo1/build-release/bin/test-halofpx-context-store-registry-lab-linux-preinit --launch-qualify invalid_request /var/tmp/halofpx-l05s-attack-20260719T2130-nimo1/main-mount/lab-parent 125 257 62 1000 700 aa8d22853ce14a10aeb51109245ad61a 162cdb5e11c84aca89d4bd90b63b8dd6 /var/tmp/halofpx-l05s-attack-20260719T2130-nimo1/main-mount/lab-parent/candidate-root 125 258 62 1000 700 aa8d22853ce14a10aeb51109245ad61a 162cdb5e11c84aca89d4bd90b63b8dd6 /var/tmp/halofpx-l05s-attack-20260719T2130-nimo1/main-mount/lab-parent/fixture 125 259 62 1000 700 aa8d22853ce14a10aeb51109245ad61a 162cdb5e11c84aca89d4bd90b63b8dd6 125 263 halofpx-l05s-final-nimo1 1 
2026-07-19T04:16:22,526324419-07:00	inode-replacement-9	pid=2163262	/var/tmp/halofpx-qualification/l05s-preinit-20260719-nimo1/build-release/bin/test-halofpx-context-store-registry-lab-linux-preinit --launch-qualify invalid_request /var/tmp/halofpx-l05s-attack-20260719T2130-nimo1/main-mount/lab-parent 125 257 62 1000 700 aa8d22853ce14a10aeb51109245ad61a 162cdb5e11c84aca89d4bd90b63b8dd6 /var/tmp/halofpx-l05s-attack-20260719T2130-nimo1/main-mount/lab-parent/candidate-root 125 258 62 1000 700 aa8d22853ce14a10aeb51109245ad61a 162cdb5e11c84aca89d4bd90b63b8dd6 /var/tmp/halofpx-l05s-attack-20260719T2130-nimo1/main-mount/lab-parent/fixture 125 259 62 1000 700 aa8d22853ce14a10aeb51109245ad61a 162cdb5e11c84aca89d4bd90b63b8dd6 125 263 halofpx-l05s-final-nimo1 1 
2026-07-19T04:16:22,530660891-07:00	inode-replacement-10	pid=2163262	/var/tmp/halofpx-qualification/l05s-preinit-20260719-nimo1/build-release/bin/test-halofpx-context-store-registry-lab-linux-preinit --launch-qualify invalid_request /var/tmp/halofpx-l05s-attack-20260719T2130-nimo1/main-mount/lab-parent 125 257 62 1000 700 aa8d22853ce14a10aeb51109245ad61a 162cdb5e11c84aca89d4bd90b63b8dd6 /var/tmp/halofpx-l05s-attack-20260719T2130-nimo1/main-mount/lab-parent/candidate-root 125 258 62 1000 700 aa8d22853ce14a10aeb51109245ad61a 162cdb5e11c84aca89d4bd90b63b8dd6 /var/tmp/halofpx-l05s-attack-20260719T2130-nimo1/main-mount/lab-parent/fixture 125 259 62 1000 700 aa8d22853ce14a10aeb51109245ad61a 162cdb5e11c84aca89d4bd90b63b8dd6 125 263 halofpx-l05s-final-nimo1 1 
2026-07-19T04:16:22,535410130-07:00	inode-replacement-11	pid=2163262	/var/tmp/halofpx-qualification/l05s-preinit-20260719-nimo1/build-release/bin/test-halofpx-context-store-registry-lab-linux-preinit --launch-qualify invalid_request /var/tmp/halofpx-l05s-attack-20260719T2130-nimo1/main-mount/lab-parent 125 257 62 1000 700 aa8d22853ce14a10aeb51109245ad61a 162cdb5e11c84aca89d4bd90b63b8dd6 /var/tmp/halofpx-l05s-attack-20260719T2130-nimo1/main-mount/lab-parent/candidate-root 125 258 62 1000 700 aa8d22853ce14a10aeb51109245ad61a 162cdb5e11c84aca89d4bd90b63b8dd6 /var/tmp/halofpx-l05s-attack-20260719T2130-nimo1/main-mount/lab-parent/fixture 125 259 62 1000 700 aa8d22853ce14a10aeb51109245ad61a 162cdb5e11c84aca89d4bd90b63b8dd6 125 263 halofpx-l05s-final-nimo1 1 
2026-07-19T04:16:22,539775472-07:00	inode-replacement-12	pid=2163262	/var/tmp/halofpx-qualification/l05s-preinit-20260719-nimo1/build-release/bin/test-halofpx-context-store-registry-lab-linux-preinit --launch-qualify invalid_request /var/tmp/halofpx-l05s-attack-20260719T2130-nimo1/main-mount/lab-parent 125 257 62 1000 700 aa8d22853ce14a10aeb51109245ad61a 162cdb5e11c84aca89d4bd90b63b8dd6 /var/tmp/halofpx-l05s-attack-20260719T2130-nimo1/main-mount/lab-parent/candidate-root 125 258 62 1000 700 aa8d22853ce14a10aeb51109245ad61a 162cdb5e11c84aca89d4bd90b63b8dd6 /var/tmp/halofpx-l05s-attack-20260719T2130-nimo1/main-mount/lab-parent/fixture 125 259 62 1000 700 aa8d22853ce14a10aeb51109245ad61a 162cdb5e11c84aca89d4bd90b63b8dd6 125 263 halofpx-l05s-final-nimo1 1 
2026-07-19T04:16:22,544359926-07:00	inode-replacement-13	pid=2163262	/var/tmp/halofpx-qualification/l05s-preinit-20260719-nimo1/build-release/bin/test-halofpx-context-store-registry-lab-linux-preinit --launch-qualify invalid_request /var/tmp/halofpx-l05s-attack-20260719T2130-nimo1/main-mount/lab-parent 125 257 62 1000 700 aa8d22853ce14a10aeb51109245ad61a 162cdb5e11c84aca89d4bd90b63b8dd6 /var/tmp/halofpx-l05s-attack-20260719T2130-nimo1/main-mount/lab-parent/candidate-root 125 258 62 1000 700 aa8d22853ce14a10aeb51109245ad61a 162cdb5e11c84aca89d4bd90b63b8dd6 /var/tmp/halofpx-l05s-attack-20260719T2130-nimo1/main-mount/lab-parent/fixture 125 259 62 1000 700 aa8d22853ce14a10aeb51109245ad61a 162cdb5e11c84aca89d4bd90b63b8dd6 125 263 halofpx-l05s-final-nimo1 1 
2026-07-19T04:16:22,548673359-07:00	inode-replacement-14	pid=2163262	/var/tmp/halofpx-qualification/l05s-preinit-20260719-nimo1/build-release/bin/test-halofpx-context-store-registry-lab-linux-preinit --launch-qualify invalid_request /var/tmp/halofpx-l05s-attack-20260719T2130-nimo1/main-mount/lab-parent 125 257 62 1000 700 aa8d22853ce14a10aeb51109245ad61a 162cdb5e11c84aca89d4bd90b63b8dd6 /var/tmp/halofpx-l05s-attack-20260719T2130-nimo1/main-mount/lab-parent/candidate-root 125 258 62 1000 700 aa8d22853ce14a10aeb51109245ad61a 162cdb5e11c84aca89d4bd90b63b8dd6 /var/tmp/halofpx-l05s-attack-20260719T2130-nimo1/main-mount/lab-parent/fixture 125 259 62 1000 700 aa8d22853ce14a10aeb51109245ad61a 162cdb5e11c84aca89d4bd90b63b8dd6 125 263 halofpx-l05s-final-nimo1 1 
2026-07-19T04:16:22,552811637-07:00	inode-replacement-15	pid=2163262	/var/tmp/halofpx-qualification/l05s-preinit-20260719-nimo1/build-release/bin/test-halofpx-context-store-registry-lab-linux-preinit --launch-qualify invalid_request /var/tmp/halofpx-l05s-attack-20260719T2130-nimo1/main-mount/lab-parent 125 257 62 1000 700 aa8d22853ce14a10aeb51109245ad61a 162cdb5e11c84aca89d4bd90b63b8dd6 /var/tmp/halofpx-l05s-attack-20260719T2130-nimo1/main-mount/lab-parent/candidate-root 125 258 62 1000 700 aa8d22853ce14a10aeb51109245ad61a 162cdb5e11c84aca89d4bd90b63b8dd6 /var/tmp/halofpx-l05s-attack-20260719T2130-nimo1/main-mount/lab-parent/fixture 125 259 62 1000 700 aa8d22853ce14a10aeb51109245ad61a 162cdb5e11c84aca89d4bd90b63b8dd6 125 263 halofpx-l05s-final-nimo1 1 
2026-07-19T04:16:22,557132450-07:00	inode-replacement-16	pid=2163262	/var/tmp/halofpx-qualification/l05s-preinit-20260719-nimo1/build-release/bin/test-halofpx-context-store-registry-lab-linux-preinit --launch-qualify invalid_request /var/tmp/halofpx-l05s-attack-20260719T2130-nimo1/main-mount/lab-parent 125 257 62 1000 700 aa8d22853ce14a10aeb51109245ad61a 162cdb5e11c84aca89d4bd90b63b8dd6 /var/tmp/halofpx-l05s-attack-20260719T2130-nimo1/main-mount/lab-parent/candidate-root 125 258 62 1000 700 aa8d22853ce14a10aeb51109245ad61a 162cdb5e11c84aca89d4bd90b63b8dd6 /var/tmp/halofpx-l05s-attack-20260719T2130-nimo1/main-mount/lab-parent/fixture 125 259 62 1000 700 aa8d22853ce14a10aeb51109245ad61a 162cdb5e11c84aca89d4bd90b63b8dd6 125 263 halofpx-l05s-final-nimo1 1 
2026-07-19T04:16:22,561466092-07:00	inode-replacement-17	pid=2163262	/var/tmp/halofpx-qualification/l05s-preinit-20260719-nimo1/build-release/bin/test-halofpx-context-store-registry-lab-linux-preinit --launch-qualify invalid_request /var/tmp/halofpx-l05s-attack-20260719T2130-nimo1/main-mount/lab-parent 125 257 62 1000 700 aa8d22853ce14a10aeb51109245ad61a 162cdb5e11c84aca89d4bd90b63b8dd6 /var/tmp/halofpx-l05s-attack-20260719T2130-nimo1/main-mount/lab-parent/candidate-root 125 258 62 1000 700 aa8d22853ce14a10aeb51109245ad61a 162cdb5e11c84aca89d4bd90b63b8dd6 /var/tmp/halofpx-l05s-attack-20260719T2130-nimo1/main-mount/lab-parent/fixture 125 259 62 1000 700 aa8d22853ce14a10aeb51109245ad61a 162cdb5e11c84aca89d4bd90b63b8dd6 125 263 halofpx-l05s-final-nimo1 1 
2026-07-19T04:16:22,566163923-07:00	inode-replacement-18	pid=2163262	/var/tmp/halofpx-qualification/l05s-preinit-20260719-nimo1/build-release/bin/test-halofpx-context-store-registry-lab-linux-preinit --launch-qualify invalid_request /var/tmp/halofpx-l05s-attack-20260719T2130-nimo1/main-mount/lab-parent 125 257 62 1000 700 aa8d22853ce14a10aeb51109245ad61a 162cdb5e11c84aca89d4bd90b63b8dd6 /var/tmp/halofpx-l05s-attack-20260719T2130-nimo1/main-mount/lab-parent/candidate-root 125 258 62 1000 700 aa8d22853ce14a10aeb51109245ad61a 162cdb5e11c84aca89d4bd90b63b8dd6 /var/tmp/halofpx-l05s-attack-20260719T2130-nimo1/main-mount/lab-parent/fixture 125 259 62 1000 700 aa8d22853ce14a10aeb51109245ad61a 162cdb5e11c84aca89d4bd90b63b8dd6 125 263 halofpx-l05s-final-nimo1 1 
2026-07-19T04:16:22,570433537-07:00	inode-replacement-19	pid=2163262	/var/tmp/halofpx-qualification/l05s-preinit-20260719-nimo1/build-release/bin/test-halofpx-context-store-registry-lab-linux-preinit --launch-qualify invalid_request /var/tmp/halofpx-l05s-attack-20260719T2130-nimo1/main-mount/lab-parent 125 257 62 1000 700 aa8d22853ce14a10aeb51109245ad61a 162cdb5e11c84aca89d4bd90b63b8dd6 /var/tmp/halofpx-l05s-attack-20260719T2130-nimo1/main-mount/lab-parent/candidate-root 125 258 62 1000 700 aa8d22853ce14a10aeb51109245ad61a 162cdb5e11c84aca89d4bd90b63b8dd6 /var/tmp/halofpx-l05s-attack-20260719T2130-nimo1/main-mount/lab-parent/fixture 125 259 62 1000 700 aa8d22853ce14a10aeb51109245ad61a 162cdb5e11c84aca89d4bd90b63b8dd6 125 263 halofpx-l05s-final-nimo1 1 
2026-07-19T04:16:22,574636814-07:00	inode-replacement-20	pid=2163262	/var/tmp/halofpx-qualification/l05s-preinit-20260719-nimo1/build-release/bin/test-halofpx-context-store-registry-lab-linux-preinit --launch-qualify invalid_request /var/tmp/halofpx-l05s-attack-20260719T2130-nimo1/main-mount/lab-parent 125 257 62 1000 700 aa8d22853ce14a10aeb51109245ad61a 162cdb5e11c84aca89d4bd90b63b8dd6 /var/tmp/halofpx-l05s-attack-20260719T2130-nimo1/main-mount/lab-parent/candidate-root 125 258 62 1000 700 aa8d22853ce14a10aeb51109245ad61a 162cdb5e11c84aca89d4bd90b63b8dd6 /var/tmp/halofpx-l05s-attack-20260719T2130-nimo1/main-mount/lab-parent/fixture 125 259 62 1000 700 aa8d22853ce14a10aeb51109245ad61a 162cdb5e11c84aca89d4bd90b63b8dd6 125 263 halofpx-l05s-final-nimo1 1 
2026-07-19T04:16:22,578789672-07:00	inode-replacement-21	pid=2163262	/var/tmp/halofpx-qualification/l05s-preinit-20260719-nimo1/build-release/bin/test-halofpx-context-store-registry-lab-linux-preinit --launch-qualify invalid_request /var/tmp/halofpx-l05s-attack-20260719T2130-nimo1/main-mount/lab-parent 125 257 62 1000 700 aa8d22853ce14a10aeb51109245ad61a 162cdb5e11c84aca89d4bd90b63b8dd6 /var/tmp/halofpx-l05s-attack-20260719T2130-nimo1/main-mount/lab-parent/candidate-root 125 258 62 1000 700 aa8d22853ce14a10aeb51109245ad61a 162cdb5e11c84aca89d4bd90b63b8dd6 /var/tmp/halofpx-l05s-attack-20260719T2130-nimo1/main-mount/lab-parent/fixture 125 259 62 1000 700 aa8d22853ce14a10aeb51109245ad61a 162cdb5e11c84aca89d4bd90b63b8dd6 125 263 halofpx-l05s-final-nimo1 1 
2026-07-19T04:16:22,583060856-07:00	inode-replacement-22	pid=2163262	/var/tmp/halofpx-qualification/l05s-preinit-20260719-nimo1/build-release/bin/test-halofpx-context-store-registry-lab-linux-preinit --launch-qualify invalid_request /var/tmp/halofpx-l05s-attack-20260719T2130-nimo1/main-mount/lab-parent 125 257 62 1000 700 aa8d22853ce14a10aeb51109245ad61a 162cdb5e11c84aca89d4bd90b63b8dd6 /var/tmp/halofpx-l05s-attack-20260719T2130-nimo1/main-mount/lab-parent/candidate-root 125 258 62 1000 700 aa8d22853ce14a10aeb51109245ad61a 162cdb5e11c84aca89d4bd90b63b8dd6 /var/tmp/halofpx-l05s-attack-20260719T2130-nimo1/main-mount/lab-parent/fixture 125 259 62 1000 700 aa8d22853ce14a10aeb51109245ad61a 162cdb5e11c84aca89d4bd90b63b8dd6 125 263 halofpx-l05s-final-nimo1 1 
2026-07-19T04:16:22,587334240-07:00	inode-replacement-23	pid=2163262	/var/tmp/halofpx-qualification/l05s-preinit-20260719-nimo1/build-release/bin/test-halofpx-context-store-registry-lab-linux-preinit --launch-qualify invalid_request /var/tmp/halofpx-l05s-attack-20260719T2130-nimo1/main-mount/lab-parent 125 257 62 1000 700 aa8d22853ce14a10aeb51109245ad61a 162cdb5e11c84aca89d4bd90b63b8dd6 /var/tmp/halofpx-l05s-attack-20260719T2130-nimo1/main-mount/lab-parent/candidate-root 125 258 62 1000 700 aa8d22853ce14a10aeb51109245ad61a 162cdb5e11c84aca89d4bd90b63b8dd6 /var/tmp/halofpx-l05s-attack-20260719T2130-nimo1/main-mount/lab-parent/fixture 125 259 62 1000 700 aa8d22853ce14a10aeb51109245ad61a 162cdb5e11c84aca89d4bd90b63b8dd6 125 263 halofpx-l05s-final-nimo1 1 
2026-07-19T04:16:22,591820567-07:00	inode-replacement-24	pid=2163262	/var/tmp/halofpx-qualification/l05s-preinit-20260719-nimo1/build-release/bin/test-halofpx-context-store-registry-lab-linux-preinit --launch-qualify invalid_request /var/tmp/halofpx-l05s-attack-20260719T2130-nimo1/main-mount/lab-parent 125 257 62 1000 700 aa8d22853ce14a10aeb51109245ad61a 162cdb5e11c84aca89d4bd90b63b8dd6 /var/tmp/halofpx-l05s-attack-20260719T2130-nimo1/main-mount/lab-parent/candidate-root 125 258 62 1000 700 aa8d22853ce14a10aeb51109245ad61a 162cdb5e11c84aca89d4bd90b63b8dd6 /var/tmp/halofpx-l05s-attack-20260719T2130-nimo1/main-mount/lab-parent/fixture 125 259 62 1000 700 aa8d22853ce14a10aeb51109245ad61a 162cdb5e11c84aca89d4bd90b63b8dd6 125 263 halofpx-l05s-final-nimo1 1 
2026-07-19T04:16:22,596236887-07:00	inode-replacement-25	pid=2163262	/var/tmp/halofpx-qualification/l05s-preinit-20260719-nimo1/build-release/bin/test-halofpx-context-store-registry-lab-linux-preinit --launch-qualify invalid_request /var/tmp/halofpx-l05s-attack-20260719T2130-nimo1/main-mount/lab-parent 125 257 62 1000 700 aa8d22853ce14a10aeb51109245ad61a 162cdb5e11c84aca89d4bd90b63b8dd6 /var/tmp/halofpx-l05s-attack-20260719T2130-nimo1/main-mount/lab-parent/candidate-root 125 258 62 1000 700 aa8d22853ce14a10aeb51109245ad61a 162cdb5e11c84aca89d4bd90b63b8dd6 /var/tmp/halofpx-l05s-attack-20260719T2130-nimo1/main-mount/lab-parent/fixture 125 259 62 1000 700 aa8d22853ce14a10aeb51109245ad61a 162cdb5e11c84aca89d4bd90b63b8dd6 125 263 halofpx-l05s-final-nimo1 1 
