001	status=ok_non_authoritative credential_admitted=1 credential_before_root=1 key_tuple=1 parent=1 root=1 fixture=1 lock_identity=1 root_empty=1 fixture_layout=1 not_reported_read_only=1 ofd_lock=1 scratch_wiped=1 owner_wiped=1 owner_unlocked=1 credential_syscalls=17 root_fixture_syscalls=41 ofd_attempts=1 filesystem_reserve=948568064 logical_authority_bound=16777216
002	status=ok_non_authoritative credential_admitted=1 credential_before_root=1 key_tuple=1 parent=1 root=1 fixture=1 lock_identity=1 root_empty=1 fixture_layout=1 not_reported_read_only=1 ofd_lock=1 scratch_wiped=1 owner_wiped=1 owner_unlocked=1 credential_syscalls=17 root_fixture_syscalls=41 ofd_attempts=1 filesystem_reserve=948568064 logical_authority_bound=16777216
003	status=ok_non_authoritative credential_admitted=1 credential_before_root=1 key_tuple=1 parent=1 root=1 fixture=1 lock_identity=1 root_empty=1 fixture_layout=1 not_reported_read_only=1 ofd_lock=1 scratch_wiped=1 owner_wiped=1 owner_unlocked=1 credential_syscalls=17 root_fixture_syscalls=41 ofd_attempts=1 filesystem_reserve=948568064 logical_authority_bound=16777216
004	status=ok_non_authoritative credential_admitted=1 credential_before_root=1 key_tuple=1 parent=1 root=1 fixture=1 lock_identity=1 root_empty=1 fixture_layout=1 not_reported_read_only=1 ofd_lock=1 scratch_wiped=1 owner_wiped=1 owner_unlocked=1 credential_syscalls=17 root_fixture_syscalls=41 ofd_attempts=1 filesystem_reserve=948568064 logical_authority_bound=16777216
005	status=ok_non_authoritative credential_admitted=1 credential_before_root=1 key_tuple=1 parent=1 root=1 fixture=1 lock_identity=1 root_empty=1 fixture_layout=1 not_reported_read_only=1 ofd_lock=1 scratch_wiped=1 owner_wiped=1 owner_unlocked=1 credential_syscalls=17 root_fixture_syscalls=41 ofd_attempts=1 filesystem_reserve=948568064 logical_authority_bound=16777216
006	status=ok_non_authoritative credential_admitted=1 credential_before_root=1 key_tuple=1 parent=1 root=1 fixture=1 lock_identity=1 root_empty=1 fixture_layout=1 not_reported_read_only=1 ofd_lock=1 scratch_wiped=1 owner_wiped=1 owner_unlocked=1 credential_syscalls=17 root_fixture_syscalls=41 ofd_attempts=1 filesystem_reserve=948568064 logical_authority_bound=16777216
007	status=ok_non_authoritative credential_admitted=1 credential_before_root=1 key_tuple=1 parent=1 root=1 fixture=1 lock_identity=1 root_empty=1 fixture_layout=1 not_reported_read_only=1 ofd_lock=1 scratch_wiped=1 owner_wiped=1 owner_unlocked=1 credential_syscalls=17 root_fixture_syscalls=41 ofd_attempts=1 filesystem_reserve=948568064 logical_authority_bound=16777216
008	status=ok_non_authoritative credential_admitted=1 credential_before_root=1 key_tuple=1 parent=1 root=1 fixture=1 lock_identity=1 root_empty=1 fixture_layout=1 not_reported_read_only=1 ofd_lock=1 scratch_wiped=1 owner_wiped=1 owner_unlocked=1 credential_syscalls=17 root_fixture_syscalls=41 ofd_attempts=1 filesystem_reserve=948568064 logical_authority_bound=16777216
009	status=ok_non_authoritative credential_admitted=1 credential_before_root=1 key_tuple=1 parent=1 root=1 fixture=1 lock_identity=1 root_empty=1 fixture_layout=1 not_reported_read_only=1 ofd_lock=1 scratch_wiped=1 owner_wiped=1 owner_unlocked=1 credential_syscalls=17 root_fixture_syscalls=41 ofd_attempts=1 filesystem_reserve=948568064 logical_authority_bound=16777216
010	status=ok_non_authoritative credential_admitted=1 credential_before_root=1 key_tuple=1 parent=1 root=1 fixture=1 lock_identity=1 root_empty=1 fixture_layout=1 not_reported_read_only=1 ofd_lock=1 scratch_wiped=1 owner_wiped=1 owner_unlocked=1 credential_syscalls=17 root_fixture_syscalls=41 ofd_attempts=1 filesystem_reserve=948568064 logical_authority_bound=16777216
011	status=ok_non_authoritative credential_admitted=1 credential_before_root=1 key_tuple=1 parent=1 root=1 fixture=1 lock_identity=1 root_empty=1 fixture_layout=1 not_reported_read_only=1 ofd_lock=1 scratch_wiped=1 owner_wiped=1 owner_unlocked=1 credential_syscalls=17 root_fixture_syscalls=41 ofd_attempts=1 filesystem_reserve=948568064 logical_authority_bound=16777216
012	status=ok_non_authoritative credential_admitted=1 credential_before_root=1 key_tuple=1 parent=1 root=1 fixture=1 lock_identity=1 root_empty=1 fixture_layout=1 not_reported_read_only=1 ofd_lock=1 scratch_wiped=1 owner_wiped=1 owner_unlocked=1 credential_syscalls=17 root_fixture_syscalls=41 ofd_attempts=1 filesystem_reserve=948568064 logical_authority_bound=16777216
013	status=ok_non_authoritative credential_admitted=1 credential_before_root=1 key_tuple=1 parent=1 root=1 fixture=1 lock_identity=1 root_empty=1 fixture_layout=1 not_reported_read_only=1 ofd_lock=1 scratch_wiped=1 owner_wiped=1 owner_unlocked=1 credential_syscalls=17 root_fixture_syscalls=41 ofd_attempts=1 filesystem_reserve=948568064 logical_authority_bound=16777216
014	status=ok_non_authoritative credential_admitted=1 credential_before_root=1 key_tuple=1 parent=1 root=1 fixture=1 lock_identity=1 root_empty=1 fixture_layout=1 not_reported_read_only=1 ofd_lock=1 scratch_wiped=1 owner_wiped=1 owner_unlocked=1 credential_syscalls=17 root_fixture_syscalls=41 ofd_attempts=1 filesystem_reserve=948568064 logical_authority_bound=16777216
015	status=ok_non_authoritative credential_admitted=1 credential_before_root=1 key_tuple=1 parent=1 root=1 fixture=1 lock_identity=1 root_empty=1 fixture_layout=1 not_reported_read_only=1 ofd_lock=1 scratch_wiped=1 owner_wiped=1 owner_unlocked=1 credential_syscalls=17 root_fixture_syscalls=41 ofd_attempts=1 filesystem_reserve=948568064 logical_authority_bound=16777216
016	status=ok_non_authoritative credential_admitted=1 credential_before_root=1 key_tuple=1 parent=1 root=1 fixture=1 lock_identity=1 root_empty=1 fixture_layout=1 not_reported_read_only=1 ofd_lock=1 scratch_wiped=1 owner_wiped=1 owner_unlocked=1 credential_syscalls=17 root_fixture_syscalls=41 ofd_attempts=1 filesystem_reserve=948568064 logical_authority_bound=16777216
017	status=ok_non_authoritative credential_admitted=1 credential_before_root=1 key_tuple=1 parent=1 root=1 fixture=1 lock_identity=1 root_empty=1 fixture_layout=1 not_reported_read_only=1 ofd_lock=1 scratch_wiped=1 owner_wiped=1 owner_unlocked=1 credential_syscalls=17 root_fixture_syscalls=41 ofd_attempts=1 filesystem_reserve=948568064 logical_authority_bound=16777216
018	status=ok_non_authoritative credential_admitted=1 credential_before_root=1 key_tuple=1 parent=1 root=1 fixture=1 lock_identity=1 root_empty=1 fixture_layout=1 not_reported_read_only=1 ofd_lock=1 scratch_wiped=1 owner_wiped=1 owner_unlocked=1 credential_syscalls=17 root_fixture_syscalls=41 ofd_attempts=1 filesystem_reserve=948568064 logical_authority_bound=16777216
019	status=ok_non_authoritative credential_admitted=1 credential_before_root=1 key_tuple=1 parent=1 root=1 fixture=1 lock_identity=1 root_empty=1 fixture_layout=1 not_reported_read_only=1 ofd_lock=1 scratch_wiped=1 owner_wiped=1 owner_unlocked=1 credential_syscalls=17 root_fixture_syscalls=41 ofd_attempts=1 filesystem_reserve=948568064 logical_authority_bound=16777216
020	status=ok_non_authoritative credential_admitted=1 credential_before_root=1 key_tuple=1 parent=1 root=1 fixture=1 lock_identity=1 root_empty=1 fixture_layout=1 not_reported_read_only=1 ofd_lock=1 scratch_wiped=1 owner_wiped=1 owner_unlocked=1 credential_syscalls=17 root_fixture_syscalls=41 ofd_attempts=1 filesystem_reserve=948568064 logical_authority_bound=16777216
021	status=ok_non_authoritative credential_admitted=1 credential_before_root=1 key_tuple=1 parent=1 root=1 fixture=1 lock_identity=1 root_empty=1 fixture_layout=1 not_reported_read_only=1 ofd_lock=1 scratch_wiped=1 owner_wiped=1 owner_unlocked=1 credential_syscalls=17 root_fixture_syscalls=41 ofd_attempts=1 filesystem_reserve=948568064 logical_authority_bound=16777216
022	status=ok_non_authoritative credential_admitted=1 credential_before_root=1 key_tuple=1 parent=1 root=1 fixture=1 lock_identity=1 root_empty=1 fixture_layout=1 not_reported_read_only=1 ofd_lock=1 scratch_wiped=1 owner_wiped=1 owner_unlocked=1 credential_syscalls=17 root_fixture_syscalls=41 ofd_attempts=1 filesystem_reserve=948568064 logical_authority_bound=16777216
023	status=ok_non_authoritative credential_admitted=1 credential_before_root=1 key_tuple=1 parent=1 root=1 fixture=1 lock_identity=1 root_empty=1 fixture_layout=1 not_reported_read_only=1 ofd_lock=1 scratch_wiped=1 owner_wiped=1 owner_unlocked=1 credential_syscalls=17 root_fixture_syscalls=41 ofd_attempts=1 filesystem_reserve=948568064 logical_authority_bound=16777216
024	status=ok_non_authoritative credential_admitted=1 credential_before_root=1 key_tuple=1 parent=1 root=1 fixture=1 lock_identity=1 root_empty=1 fixture_layout=1 not_reported_read_only=1 ofd_lock=1 scratch_wiped=1 owner_wiped=1 owner_unlocked=1 credential_syscalls=17 root_fixture_syscalls=41 ofd_attempts=1 filesystem_reserve=948568064 logical_authority_bound=16777216
025	status=ok_non_authoritative credential_admitted=1 credential_before_root=1 key_tuple=1 parent=1 root=1 fixture=1 lock_identity=1 root_empty=1 fixture_layout=1 not_reported_read_only=1 ofd_lock=1 scratch_wiped=1 owner_wiped=1 owner_unlocked=1 credential_syscalls=17 root_fixture_syscalls=41 ofd_attempts=1 filesystem_reserve=948568064 logical_authority_bound=16777216
026	status=ok_non_authoritative credential_admitted=1 credential_before_root=1 key_tuple=1 parent=1 root=1 fixture=1 lock_identity=1 root_empty=1 fixture_layout=1 not_reported_read_only=1 ofd_lock=1 scratch_wiped=1 owner_wiped=1 owner_unlocked=1 credential_syscalls=17 root_fixture_syscalls=41 ofd_attempts=1 filesystem_reserve=948568064 logical_authority_bound=16777216
027	status=ok_non_authoritative credential_admitted=1 credential_before_root=1 key_tuple=1 parent=1 root=1 fixture=1 lock_identity=1 root_empty=1 fixture_layout=1 not_reported_read_only=1 ofd_lock=1 scratch_wiped=1 owner_wiped=1 owner_unlocked=1 credential_syscalls=17 root_fixture_syscalls=41 ofd_attempts=1 filesystem_reserve=948568064 logical_authority_bound=16777216
028	status=ok_non_authoritative credential_admitted=1 credential_before_root=1 key_tuple=1 parent=1 root=1 fixture=1 lock_identity=1 root_empty=1 fixture_layout=1 not_reported_read_only=1 ofd_lock=1 scratch_wiped=1 owner_wiped=1 owner_unlocked=1 credential_syscalls=17 root_fixture_syscalls=41 ofd_attempts=1 filesystem_reserve=948568064 logical_authority_bound=16777216
029	status=ok_non_authoritative credential_admitted=1 credential_before_root=1 key_tuple=1 parent=1 root=1 fixture=1 lock_identity=1 root_empty=1 fixture_layout=1 not_reported_read_only=1 ofd_lock=1 scratch_wiped=1 owner_wiped=1 owner_unlocked=1 credential_syscalls=17 root_fixture_syscalls=41 ofd_attempts=1 filesystem_reserve=948568064 logical_authority_bound=16777216
030	status=ok_non_authoritative credential_admitted=1 credential_before_root=1 key_tuple=1 parent=1 root=1 fixture=1 lock_identity=1 root_empty=1 fixture_layout=1 not_reported_read_only=1 ofd_lock=1 scratch_wiped=1 owner_wiped=1 owner_unlocked=1 credential_syscalls=17 root_fixture_syscalls=41 ofd_attempts=1 filesystem_reserve=948568064 logical_authority_bound=16777216
031	status=ok_non_authoritative credential_admitted=1 credential_before_root=1 key_tuple=1 parent=1 root=1 fixture=1 lock_identity=1 root_empty=1 fixture_layout=1 not_reported_read_only=1 ofd_lock=1 scratch_wiped=1 owner_wiped=1 owner_unlocked=1 credential_syscalls=17 root_fixture_syscalls=41 ofd_attempts=1 filesystem_reserve=948568064 logical_authority_bound=16777216
032	status=ok_non_authoritative credential_admitted=1 credential_before_root=1 key_tuple=1 parent=1 root=1 fixture=1 lock_identity=1 root_empty=1 fixture_layout=1 not_reported_read_only=1 ofd_lock=1 scratch_wiped=1 owner_wiped=1 owner_unlocked=1 credential_syscalls=17 root_fixture_syscalls=41 ofd_attempts=1 filesystem_reserve=948568064 logical_authority_bound=16777216
033	status=ok_non_authoritative credential_admitted=1 credential_before_root=1 key_tuple=1 parent=1 root=1 fixture=1 lock_identity=1 root_empty=1 fixture_layout=1 not_reported_read_only=1 ofd_lock=1 scratch_wiped=1 owner_wiped=1 owner_unlocked=1 credential_syscalls=17 root_fixture_syscalls=41 ofd_attempts=1 filesystem_reserve=948568064 logical_authority_bound=16777216
034	status=ok_non_authoritative credential_admitted=1 credential_before_root=1 key_tuple=1 parent=1 root=1 fixture=1 lock_identity=1 root_empty=1 fixture_layout=1 not_reported_read_only=1 ofd_lock=1 scratch_wiped=1 owner_wiped=1 owner_unlocked=1 credential_syscalls=17 root_fixture_syscalls=41 ofd_attempts=1 filesystem_reserve=948568064 logical_authority_bound=16777216
035	status=ok_non_authoritative credential_admitted=1 credential_before_root=1 key_tuple=1 parent=1 root=1 fixture=1 lock_identity=1 root_empty=1 fixture_layout=1 not_reported_read_only=1 ofd_lock=1 scratch_wiped=1 owner_wiped=1 owner_unlocked=1 credential_syscalls=17 root_fixture_syscalls=41 ofd_attempts=1 filesystem_reserve=948568064 logical_authority_bound=16777216
036	status=ok_non_authoritative credential_admitted=1 credential_before_root=1 key_tuple=1 parent=1 root=1 fixture=1 lock_identity=1 root_empty=1 fixture_layout=1 not_reported_read_only=1 ofd_lock=1 scratch_wiped=1 owner_wiped=1 owner_unlocked=1 credential_syscalls=17 root_fixture_syscalls=41 ofd_attempts=1 filesystem_reserve=948568064 logical_authority_bound=16777216
037	status=ok_non_authoritative credential_admitted=1 credential_before_root=1 key_tuple=1 parent=1 root=1 fixture=1 lock_identity=1 root_empty=1 fixture_layout=1 not_reported_read_only=1 ofd_lock=1 scratch_wiped=1 owner_wiped=1 owner_unlocked=1 credential_syscalls=17 root_fixture_syscalls=41 ofd_attempts=1 filesystem_reserve=948568064 logical_authority_bound=16777216
038	status=ok_non_authoritative credential_admitted=1 credential_before_root=1 key_tuple=1 parent=1 root=1 fixture=1 lock_identity=1 root_empty=1 fixture_layout=1 not_reported_read_only=1 ofd_lock=1 scratch_wiped=1 owner_wiped=1 owner_unlocked=1 credential_syscalls=17 root_fixture_syscalls=41 ofd_attempts=1 filesystem_reserve=948568064 logical_authority_bound=16777216
039	status=ok_non_authoritative credential_admitted=1 credential_before_root=1 key_tuple=1 parent=1 root=1 fixture=1 lock_identity=1 root_empty=1 fixture_layout=1 not_reported_read_only=1 ofd_lock=1 scratch_wiped=1 owner_wiped=1 owner_unlocked=1 credential_syscalls=17 root_fixture_syscalls=41 ofd_attempts=1 filesystem_reserve=948568064 logical_authority_bound=16777216
040	status=ok_non_authoritative credential_admitted=1 credential_before_root=1 key_tuple=1 parent=1 root=1 fixture=1 lock_identity=1 root_empty=1 fixture_layout=1 not_reported_read_only=1 ofd_lock=1 scratch_wiped=1 owner_wiped=1 owner_unlocked=1 credential_syscalls=17 root_fixture_syscalls=41 ofd_attempts=1 filesystem_reserve=948568064 logical_authority_bound=16777216
041	status=ok_non_authoritative credential_admitted=1 credential_before_root=1 key_tuple=1 parent=1 root=1 fixture=1 lock_identity=1 root_empty=1 fixture_layout=1 not_reported_read_only=1 ofd_lock=1 scratch_wiped=1 owner_wiped=1 owner_unlocked=1 credential_syscalls=17 root_fixture_syscalls=41 ofd_attempts=1 filesystem_reserve=948568064 logical_authority_bound=16777216
042	status=ok_non_authoritative credential_admitted=1 credential_before_root=1 key_tuple=1 parent=1 root=1 fixture=1 lock_identity=1 root_empty=1 fixture_layout=1 not_reported_read_only=1 ofd_lock=1 scratch_wiped=1 owner_wiped=1 owner_unlocked=1 credential_syscalls=17 root_fixture_syscalls=41 ofd_attempts=1 filesystem_reserve=948568064 logical_authority_bound=16777216
043	status=ok_non_authoritative credential_admitted=1 credential_before_root=1 key_tuple=1 parent=1 root=1 fixture=1 lock_identity=1 root_empty=1 fixture_layout=1 not_reported_read_only=1 ofd_lock=1 scratch_wiped=1 owner_wiped=1 owner_unlocked=1 credential_syscalls=17 root_fixture_syscalls=41 ofd_attempts=1 filesystem_reserve=948568064 logical_authority_bound=16777216
044	status=ok_non_authoritative credential_admitted=1 credential_before_root=1 key_tuple=1 parent=1 root=1 fixture=1 lock_identity=1 root_empty=1 fixture_layout=1 not_reported_read_only=1 ofd_lock=1 scratch_wiped=1 owner_wiped=1 owner_unlocked=1 credential_syscalls=17 root_fixture_syscalls=41 ofd_attempts=1 filesystem_reserve=948568064 logical_authority_bound=16777216
045	status=ok_non_authoritative credential_admitted=1 credential_before_root=1 key_tuple=1 parent=1 root=1 fixture=1 lock_identity=1 root_empty=1 fixture_layout=1 not_reported_read_only=1 ofd_lock=1 scratch_wiped=1 owner_wiped=1 owner_unlocked=1 credential_syscalls=17 root_fixture_syscalls=41 ofd_attempts=1 filesystem_reserve=948568064 logical_authority_bound=16777216
046	status=ok_non_authoritative credential_admitted=1 credential_before_root=1 key_tuple=1 parent=1 root=1 fixture=1 lock_identity=1 root_empty=1 fixture_layout=1 not_reported_read_only=1 ofd_lock=1 scratch_wiped=1 owner_wiped=1 owner_unlocked=1 credential_syscalls=17 root_fixture_syscalls=41 ofd_attempts=1 filesystem_reserve=948568064 logical_authority_bound=16777216
047	status=ok_non_authoritative credential_admitted=1 credential_before_root=1 key_tuple=1 parent=1 root=1 fixture=1 lock_identity=1 root_empty=1 fixture_layout=1 not_reported_read_only=1 ofd_lock=1 scratch_wiped=1 owner_wiped=1 owner_unlocked=1 credential_syscalls=17 root_fixture_syscalls=41 ofd_attempts=1 filesystem_reserve=948568064 logical_authority_bound=16777216
048	status=ok_non_authoritative credential_admitted=1 credential_before_root=1 key_tuple=1 parent=1 root=1 fixture=1 lock_identity=1 root_empty=1 fixture_layout=1 not_reported_read_only=1 ofd_lock=1 scratch_wiped=1 owner_wiped=1 owner_unlocked=1 credential_syscalls=17 root_fixture_syscalls=41 ofd_attempts=1 filesystem_reserve=948568064 logical_authority_bound=16777216
049	status=ok_non_authoritative credential_admitted=1 credential_before_root=1 key_tuple=1 parent=1 root=1 fixture=1 lock_identity=1 root_empty=1 fixture_layout=1 not_reported_read_only=1 ofd_lock=1 scratch_wiped=1 owner_wiped=1 owner_unlocked=1 credential_syscalls=17 root_fixture_syscalls=41 ofd_attempts=1 filesystem_reserve=948568064 logical_authority_bound=16777216
050	status=ok_non_authoritative credential_admitted=1 credential_before_root=1 key_tuple=1 parent=1 root=1 fixture=1 lock_identity=1 root_empty=1 fixture_layout=1 not_reported_read_only=1 ofd_lock=1 scratch_wiped=1 owner_wiped=1 owner_unlocked=1 credential_syscalls=17 root_fixture_syscalls=41 ofd_attempts=1 filesystem_reserve=948568064 logical_authority_bound=16777216
051	status=ok_non_authoritative credential_admitted=1 credential_before_root=1 key_tuple=1 parent=1 root=1 fixture=1 lock_identity=1 root_empty=1 fixture_layout=1 not_reported_read_only=1 ofd_lock=1 scratch_wiped=1 owner_wiped=1 owner_unlocked=1 credential_syscalls=17 root_fixture_syscalls=41 ofd_attempts=1 filesystem_reserve=948568064 logical_authority_bound=16777216
052	status=ok_non_authoritative credential_admitted=1 credential_before_root=1 key_tuple=1 parent=1 root=1 fixture=1 lock_identity=1 root_empty=1 fixture_layout=1 not_reported_read_only=1 ofd_lock=1 scratch_wiped=1 owner_wiped=1 owner_unlocked=1 credential_syscalls=17 root_fixture_syscalls=41 ofd_attempts=1 filesystem_reserve=948568064 logical_authority_bound=16777216
053	status=ok_non_authoritative credential_admitted=1 credential_before_root=1 key_tuple=1 parent=1 root=1 fixture=1 lock_identity=1 root_empty=1 fixture_layout=1 not_reported_read_only=1 ofd_lock=1 scratch_wiped=1 owner_wiped=1 owner_unlocked=1 credential_syscalls=17 root_fixture_syscalls=41 ofd_attempts=1 filesystem_reserve=948568064 logical_authority_bound=16777216
054	status=ok_non_authoritative credential_admitted=1 credential_before_root=1 key_tuple=1 parent=1 root=1 fixture=1 lock_identity=1 root_empty=1 fixture_layout=1 not_reported_read_only=1 ofd_lock=1 scratch_wiped=1 owner_wiped=1 owner_unlocked=1 credential_syscalls=17 root_fixture_syscalls=41 ofd_attempts=1 filesystem_reserve=948568064 logical_authority_bound=16777216
055	status=ok_non_authoritative credential_admitted=1 credential_before_root=1 key_tuple=1 parent=1 root=1 fixture=1 lock_identity=1 root_empty=1 fixture_layout=1 not_reported_read_only=1 ofd_lock=1 scratch_wiped=1 owner_wiped=1 owner_unlocked=1 credential_syscalls=17 root_fixture_syscalls=41 ofd_attempts=1 filesystem_reserve=948568064 logical_authority_bound=16777216
056	status=ok_non_authoritative credential_admitted=1 credential_before_root=1 key_tuple=1 parent=1 root=1 fixture=1 lock_identity=1 root_empty=1 fixture_layout=1 not_reported_read_only=1 ofd_lock=1 scratch_wiped=1 owner_wiped=1 owner_unlocked=1 credential_syscalls=17 root_fixture_syscalls=41 ofd_attempts=1 filesystem_reserve=948568064 logical_authority_bound=16777216
057	status=ok_non_authoritative credential_admitted=1 credential_before_root=1 key_tuple=1 parent=1 root=1 fixture=1 lock_identity=1 root_empty=1 fixture_layout=1 not_reported_read_only=1 ofd_lock=1 scratch_wiped=1 owner_wiped=1 owner_unlocked=1 credential_syscalls=17 root_fixture_syscalls=41 ofd_attempts=1 filesystem_reserve=948568064 logical_authority_bound=16777216
058	status=ok_non_authoritative credential_admitted=1 credential_before_root=1 key_tuple=1 parent=1 root=1 fixture=1 lock_identity=1 root_empty=1 fixture_layout=1 not_reported_read_only=1 ofd_lock=1 scratch_wiped=1 owner_wiped=1 owner_unlocked=1 credential_syscalls=17 root_fixture_syscalls=41 ofd_attempts=1 filesystem_reserve=948568064 logical_authority_bound=16777216
059	status=ok_non_authoritative credential_admitted=1 credential_before_root=1 key_tuple=1 parent=1 root=1 fixture=1 lock_identity=1 root_empty=1 fixture_layout=1 not_reported_read_only=1 ofd_lock=1 scratch_wiped=1 owner_wiped=1 owner_unlocked=1 credential_syscalls=17 root_fixture_syscalls=41 ofd_attempts=1 filesystem_reserve=948568064 logical_authority_bound=16777216
060	status=ok_non_authoritative credential_admitted=1 credential_before_root=1 key_tuple=1 parent=1 root=1 fixture=1 lock_identity=1 root_empty=1 fixture_layout=1 not_reported_read_only=1 ofd_lock=1 scratch_wiped=1 owner_wiped=1 owner_unlocked=1 credential_syscalls=17 root_fixture_syscalls=41 ofd_attempts=1 filesystem_reserve=948568064 logical_authority_bound=16777216
061	status=ok_non_authoritative credential_admitted=1 credential_before_root=1 key_tuple=1 parent=1 root=1 fixture=1 lock_identity=1 root_empty=1 fixture_layout=1 not_reported_read_only=1 ofd_lock=1 scratch_wiped=1 owner_wiped=1 owner_unlocked=1 credential_syscalls=17 root_fixture_syscalls=41 ofd_attempts=1 filesystem_reserve=948568064 logical_authority_bound=16777216
062	status=ok_non_authoritative credential_admitted=1 credential_before_root=1 key_tuple=1 parent=1 root=1 fixture=1 lock_identity=1 root_empty=1 fixture_layout=1 not_reported_read_only=1 ofd_lock=1 scratch_wiped=1 owner_wiped=1 owner_unlocked=1 credential_syscalls=17 root_fixture_syscalls=41 ofd_attempts=1 filesystem_reserve=948568064 logical_authority_bound=16777216
063	status=ok_non_authoritative credential_admitted=1 credential_before_root=1 key_tuple=1 parent=1 root=1 fixture=1 lock_identity=1 root_empty=1 fixture_layout=1 not_reported_read_only=1 ofd_lock=1 scratch_wiped=1 owner_wiped=1 owner_unlocked=1 credential_syscalls=17 root_fixture_syscalls=41 ofd_attempts=1 filesystem_reserve=948568064 logical_authority_bound=16777216
064	status=ok_non_authoritative credential_admitted=1 credential_before_root=1 key_tuple=1 parent=1 root=1 fixture=1 lock_identity=1 root_empty=1 fixture_layout=1 not_reported_read_only=1 ofd_lock=1 scratch_wiped=1 owner_wiped=1 owner_unlocked=1 credential_syscalls=17 root_fixture_syscalls=41 ofd_attempts=1 filesystem_reserve=948568064 logical_authority_bound=16777216
065	status=ok_non_authoritative credential_admitted=1 credential_before_root=1 key_tuple=1 parent=1 root=1 fixture=1 lock_identity=1 root_empty=1 fixture_layout=1 not_reported_read_only=1 ofd_lock=1 scratch_wiped=1 owner_wiped=1 owner_unlocked=1 credential_syscalls=17 root_fixture_syscalls=41 ofd_attempts=1 filesystem_reserve=948568064 logical_authority_bound=16777216
066	status=ok_non_authoritative credential_admitted=1 credential_before_root=1 key_tuple=1 parent=1 root=1 fixture=1 lock_identity=1 root_empty=1 fixture_layout=1 not_reported_read_only=1 ofd_lock=1 scratch_wiped=1 owner_wiped=1 owner_unlocked=1 credential_syscalls=17 root_fixture_syscalls=41 ofd_attempts=1 filesystem_reserve=948568064 logical_authority_bound=16777216
067	status=ok_non_authoritative credential_admitted=1 credential_before_root=1 key_tuple=1 parent=1 root=1 fixture=1 lock_identity=1 root_empty=1 fixture_layout=1 not_reported_read_only=1 ofd_lock=1 scratch_wiped=1 owner_wiped=1 owner_unlocked=1 credential_syscalls=17 root_fixture_syscalls=41 ofd_attempts=1 filesystem_reserve=948568064 logical_authority_bound=16777216
068	status=ok_non_authoritative credential_admitted=1 credential_before_root=1 key_tuple=1 parent=1 root=1 fixture=1 lock_identity=1 root_empty=1 fixture_layout=1 not_reported_read_only=1 ofd_lock=1 scratch_wiped=1 owner_wiped=1 owner_unlocked=1 credential_syscalls=17 root_fixture_syscalls=41 ofd_attempts=1 filesystem_reserve=948568064 logical_authority_bound=16777216
069	status=ok_non_authoritative credential_admitted=1 credential_before_root=1 key_tuple=1 parent=1 root=1 fixture=1 lock_identity=1 root_empty=1 fixture_layout=1 not_reported_read_only=1 ofd_lock=1 scratch_wiped=1 owner_wiped=1 owner_unlocked=1 credential_syscalls=17 root_fixture_syscalls=41 ofd_attempts=1 filesystem_reserve=948568064 logical_authority_bound=16777216
070	status=ok_non_authoritative credential_admitted=1 credential_before_root=1 key_tuple=1 parent=1 root=1 fixture=1 lock_identity=1 root_empty=1 fixture_layout=1 not_reported_read_only=1 ofd_lock=1 scratch_wiped=1 owner_wiped=1 owner_unlocked=1 credential_syscalls=17 root_fixture_syscalls=41 ofd_attempts=1 filesystem_reserve=948568064 logical_authority_bound=16777216
071	status=ok_non_authoritative credential_admitted=1 credential_before_root=1 key_tuple=1 parent=1 root=1 fixture=1 lock_identity=1 root_empty=1 fixture_layout=1 not_reported_read_only=1 ofd_lock=1 scratch_wiped=1 owner_wiped=1 owner_unlocked=1 credential_syscalls=17 root_fixture_syscalls=41 ofd_attempts=1 filesystem_reserve=948568064 logical_authority_bound=16777216
072	status=ok_non_authoritative credential_admitted=1 credential_before_root=1 key_tuple=1 parent=1 root=1 fixture=1 lock_identity=1 root_empty=1 fixture_layout=1 not_reported_read_only=1 ofd_lock=1 scratch_wiped=1 owner_wiped=1 owner_unlocked=1 credential_syscalls=17 root_fixture_syscalls=41 ofd_attempts=1 filesystem_reserve=948568064 logical_authority_bound=16777216
073	status=ok_non_authoritative credential_admitted=1 credential_before_root=1 key_tuple=1 parent=1 root=1 fixture=1 lock_identity=1 root_empty=1 fixture_layout=1 not_reported_read_only=1 ofd_lock=1 scratch_wiped=1 owner_wiped=1 owner_unlocked=1 credential_syscalls=17 root_fixture_syscalls=41 ofd_attempts=1 filesystem_reserve=948568064 logical_authority_bound=16777216
074	status=ok_non_authoritative credential_admitted=1 credential_before_root=1 key_tuple=1 parent=1 root=1 fixture=1 lock_identity=1 root_empty=1 fixture_layout=1 not_reported_read_only=1 ofd_lock=1 scratch_wiped=1 owner_wiped=1 owner_unlocked=1 credential_syscalls=17 root_fixture_syscalls=41 ofd_attempts=1 filesystem_reserve=948568064 logical_authority_bound=16777216
075	status=ok_non_authoritative credential_admitted=1 credential_before_root=1 key_tuple=1 parent=1 root=1 fixture=1 lock_identity=1 root_empty=1 fixture_layout=1 not_reported_read_only=1 ofd_lock=1 scratch_wiped=1 owner_wiped=1 owner_unlocked=1 credential_syscalls=17 root_fixture_syscalls=41 ofd_attempts=1 filesystem_reserve=948568064 logical_authority_bound=16777216
076	status=ok_non_authoritative credential_admitted=1 credential_before_root=1 key_tuple=1 parent=1 root=1 fixture=1 lock_identity=1 root_empty=1 fixture_layout=1 not_reported_read_only=1 ofd_lock=1 scratch_wiped=1 owner_wiped=1 owner_unlocked=1 credential_syscalls=17 root_fixture_syscalls=41 ofd_attempts=1 filesystem_reserve=948568064 logical_authority_bound=16777216
077	status=ok_non_authoritative credential_admitted=1 credential_before_root=1 key_tuple=1 parent=1 root=1 fixture=1 lock_identity=1 root_empty=1 fixture_layout=1 not_reported_read_only=1 ofd_lock=1 scratch_wiped=1 owner_wiped=1 owner_unlocked=1 credential_syscalls=17 root_fixture_syscalls=41 ofd_attempts=1 filesystem_reserve=948568064 logical_authority_bound=16777216
078	status=ok_non_authoritative credential_admitted=1 credential_before_root=1 key_tuple=1 parent=1 root=1 fixture=1 lock_identity=1 root_empty=1 fixture_layout=1 not_reported_read_only=1 ofd_lock=1 scratch_wiped=1 owner_wiped=1 owner_unlocked=1 credential_syscalls=17 root_fixture_syscalls=41 ofd_attempts=1 filesystem_reserve=948568064 logical_authority_bound=16777216
079	status=ok_non_authoritative credential_admitted=1 credential_before_root=1 key_tuple=1 parent=1 root=1 fixture=1 lock_identity=1 root_empty=1 fixture_layout=1 not_reported_read_only=1 ofd_lock=1 scratch_wiped=1 owner_wiped=1 owner_unlocked=1 credential_syscalls=17 root_fixture_syscalls=41 ofd_attempts=1 filesystem_reserve=948568064 logical_authority_bound=16777216
080	status=ok_non_authoritative credential_admitted=1 credential_before_root=1 key_tuple=1 parent=1 root=1 fixture=1 lock_identity=1 root_empty=1 fixture_layout=1 not_reported_read_only=1 ofd_lock=1 scratch_wiped=1 owner_wiped=1 owner_unlocked=1 credential_syscalls=17 root_fixture_syscalls=41 ofd_attempts=1 filesystem_reserve=948568064 logical_authority_bound=16777216
081	status=ok_non_authoritative credential_admitted=1 credential_before_root=1 key_tuple=1 parent=1 root=1 fixture=1 lock_identity=1 root_empty=1 fixture_layout=1 not_reported_read_only=1 ofd_lock=1 scratch_wiped=1 owner_wiped=1 owner_unlocked=1 credential_syscalls=17 root_fixture_syscalls=41 ofd_attempts=1 filesystem_reserve=948568064 logical_authority_bound=16777216
082	status=ok_non_authoritative credential_admitted=1 credential_before_root=1 key_tuple=1 parent=1 root=1 fixture=1 lock_identity=1 root_empty=1 fixture_layout=1 not_reported_read_only=1 ofd_lock=1 scratch_wiped=1 owner_wiped=1 owner_unlocked=1 credential_syscalls=17 root_fixture_syscalls=41 ofd_attempts=1 filesystem_reserve=948568064 logical_authority_bound=16777216
083	status=ok_non_authoritative credential_admitted=1 credential_before_root=1 key_tuple=1 parent=1 root=1 fixture=1 lock_identity=1 root_empty=1 fixture_layout=1 not_reported_read_only=1 ofd_lock=1 scratch_wiped=1 owner_wiped=1 owner_unlocked=1 credential_syscalls=17 root_fixture_syscalls=41 ofd_attempts=1 filesystem_reserve=948568064 logical_authority_bound=16777216
084	status=ok_non_authoritative credential_admitted=1 credential_before_root=1 key_tuple=1 parent=1 root=1 fixture=1 lock_identity=1 root_empty=1 fixture_layout=1 not_reported_read_only=1 ofd_lock=1 scratch_wiped=1 owner_wiped=1 owner_unlocked=1 credential_syscalls=17 root_fixture_syscalls=41 ofd_attempts=1 filesystem_reserve=948568064 logical_authority_bound=16777216
085	status=ok_non_authoritative credential_admitted=1 credential_before_root=1 key_tuple=1 parent=1 root=1 fixture=1 lock_identity=1 root_empty=1 fixture_layout=1 not_reported_read_only=1 ofd_lock=1 scratch_wiped=1 owner_wiped=1 owner_unlocked=1 credential_syscalls=17 root_fixture_syscalls=41 ofd_attempts=1 filesystem_reserve=948568064 logical_authority_bound=16777216
086	status=ok_non_authoritative credential_admitted=1 credential_before_root=1 key_tuple=1 parent=1 root=1 fixture=1 lock_identity=1 root_empty=1 fixture_layout=1 not_reported_read_only=1 ofd_lock=1 scratch_wiped=1 owner_wiped=1 owner_unlocked=1 credential_syscalls=17 root_fixture_syscalls=41 ofd_attempts=1 filesystem_reserve=948568064 logical_authority_bound=16777216
087	status=ok_non_authoritative credential_admitted=1 credential_before_root=1 key_tuple=1 parent=1 root=1 fixture=1 lock_identity=1 root_empty=1 fixture_layout=1 not_reported_read_only=1 ofd_lock=1 scratch_wiped=1 owner_wiped=1 owner_unlocked=1 credential_syscalls=17 root_fixture_syscalls=41 ofd_attempts=1 filesystem_reserve=948568064 logical_authority_bound=16777216
088	status=ok_non_authoritative credential_admitted=1 credential_before_root=1 key_tuple=1 parent=1 root=1 fixture=1 lock_identity=1 root_empty=1 fixture_layout=1 not_reported_read_only=1 ofd_lock=1 scratch_wiped=1 owner_wiped=1 owner_unlocked=1 credential_syscalls=17 root_fixture_syscalls=41 ofd_attempts=1 filesystem_reserve=948568064 logical_authority_bound=16777216
089	status=ok_non_authoritative credential_admitted=1 credential_before_root=1 key_tuple=1 parent=1 root=1 fixture=1 lock_identity=1 root_empty=1 fixture_layout=1 not_reported_read_only=1 ofd_lock=1 scratch_wiped=1 owner_wiped=1 owner_unlocked=1 credential_syscalls=17 root_fixture_syscalls=41 ofd_attempts=1 filesystem_reserve=948568064 logical_authority_bound=16777216
090	status=ok_non_authoritative credential_admitted=1 credential_before_root=1 key_tuple=1 parent=1 root=1 fixture=1 lock_identity=1 root_empty=1 fixture_layout=1 not_reported_read_only=1 ofd_lock=1 scratch_wiped=1 owner_wiped=1 owner_unlocked=1 credential_syscalls=17 root_fixture_syscalls=41 ofd_attempts=1 filesystem_reserve=948568064 logical_authority_bound=16777216
091	status=ok_non_authoritative credential_admitted=1 credential_before_root=1 key_tuple=1 parent=1 root=1 fixture=1 lock_identity=1 root_empty=1 fixture_layout=1 not_reported_read_only=1 ofd_lock=1 scratch_wiped=1 owner_wiped=1 owner_unlocked=1 credential_syscalls=17 root_fixture_syscalls=41 ofd_attempts=1 filesystem_reserve=948568064 logical_authority_bound=16777216
092	status=ok_non_authoritative credential_admitted=1 credential_before_root=1 key_tuple=1 parent=1 root=1 fixture=1 lock_identity=1 root_empty=1 fixture_layout=1 not_reported_read_only=1 ofd_lock=1 scratch_wiped=1 owner_wiped=1 owner_unlocked=1 credential_syscalls=17 root_fixture_syscalls=41 ofd_attempts=1 filesystem_reserve=948568064 logical_authority_bound=16777216
093	status=ok_non_authoritative credential_admitted=1 credential_before_root=1 key_tuple=1 parent=1 root=1 fixture=1 lock_identity=1 root_empty=1 fixture_layout=1 not_reported_read_only=1 ofd_lock=1 scratch_wiped=1 owner_wiped=1 owner_unlocked=1 credential_syscalls=17 root_fixture_syscalls=41 ofd_attempts=1 filesystem_reserve=948568064 logical_authority_bound=16777216
094	status=ok_non_authoritative credential_admitted=1 credential_before_root=1 key_tuple=1 parent=1 root=1 fixture=1 lock_identity=1 root_empty=1 fixture_layout=1 not_reported_read_only=1 ofd_lock=1 scratch_wiped=1 owner_wiped=1 owner_unlocked=1 credential_syscalls=17 root_fixture_syscalls=41 ofd_attempts=1 filesystem_reserve=948568064 logical_authority_bound=16777216
095	status=ok_non_authoritative credential_admitted=1 credential_before_root=1 key_tuple=1 parent=1 root=1 fixture=1 lock_identity=1 root_empty=1 fixture_layout=1 not_reported_read_only=1 ofd_lock=1 scratch_wiped=1 owner_wiped=1 owner_unlocked=1 credential_syscalls=17 root_fixture_syscalls=41 ofd_attempts=1 filesystem_reserve=948568064 logical_authority_bound=16777216
096	status=ok_non_authoritative credential_admitted=1 credential_before_root=1 key_tuple=1 parent=1 root=1 fixture=1 lock_identity=1 root_empty=1 fixture_layout=1 not_reported_read_only=1 ofd_lock=1 scratch_wiped=1 owner_wiped=1 owner_unlocked=1 credential_syscalls=17 root_fixture_syscalls=41 ofd_attempts=1 filesystem_reserve=948568064 logical_authority_bound=16777216
097	status=ok_non_authoritative credential_admitted=1 credential_before_root=1 key_tuple=1 parent=1 root=1 fixture=1 lock_identity=1 root_empty=1 fixture_layout=1 not_reported_read_only=1 ofd_lock=1 scratch_wiped=1 owner_wiped=1 owner_unlocked=1 credential_syscalls=17 root_fixture_syscalls=41 ofd_attempts=1 filesystem_reserve=948568064 logical_authority_bound=16777216
098	status=ok_non_authoritative credential_admitted=1 credential_before_root=1 key_tuple=1 parent=1 root=1 fixture=1 lock_identity=1 root_empty=1 fixture_layout=1 not_reported_read_only=1 ofd_lock=1 scratch_wiped=1 owner_wiped=1 owner_unlocked=1 credential_syscalls=17 root_fixture_syscalls=41 ofd_attempts=1 filesystem_reserve=948568064 logical_authority_bound=16777216
099	status=ok_non_authoritative credential_admitted=1 credential_before_root=1 key_tuple=1 parent=1 root=1 fixture=1 lock_identity=1 root_empty=1 fixture_layout=1 not_reported_read_only=1 ofd_lock=1 scratch_wiped=1 owner_wiped=1 owner_unlocked=1 credential_syscalls=17 root_fixture_syscalls=41 ofd_attempts=1 filesystem_reserve=948568064 logical_authority_bound=16777216
100	status=ok_non_authoritative credential_admitted=1 credential_before_root=1 key_tuple=1 parent=1 root=1 fixture=1 lock_identity=1 root_empty=1 fixture_layout=1 not_reported_read_only=1 ofd_lock=1 scratch_wiped=1 owner_wiped=1 owner_unlocked=1 credential_syscalls=17 root_fixture_syscalls=41 ofd_attempts=1 filesystem_reserve=948568064 logical_authority_bound=16777216
