source_id,title,url,publisher,authority,access_date,capture_ref,raw_path,scope
S001,ROCm 7.14.0 compatibility matrix,https://rocm.docs.amd.com/en/docs-7.14.0/compatibility/compatibility-matrix.html,AMD,official documentation,2026-07-18,turn800020view0,raw/official/amd-docs/S001-rocm-7.14-compatibility.txt,"gfx1151 devices, supported Ubuntu/kernel, Core SDK component versions"
S002,Transition guide from legacy ROCm release stream,https://rocm.docs.amd.com/en/latest/about/transition-guide-TheRock.html,AMD,official documentation,2026-07-18,turn921834view4; turn628835view0,raw/official/amd-docs/S002-transition-guide.txt,"preview statement, paths, package mapping, ABI/API compatibility"
S003,Install AMD ROCm 7.14.0,https://rocm.docs.amd.com/en/docs-7.14.0/install/rocm.html,AMD,official documentation,2026-07-18,turn619120view2; turn619120view3; turn921834view5; turn921834view6,raw/official/amd-docs/S003-install-rocm-7.14.txt,"artifact URL, package repository signing, prerequisites, install/uninstall"
S004,ROCm Core SDK 7.14.0 release notes,https://rocm.docs.amd.com/en/docs-7.14.0/about/release-notes.html,AMD,official documentation,2026-07-18,turn890393view0; turn890393view1; turn890393view2; turn890393view3,raw/official/amd-docs/S004-release-notes-7.14.txt,"hardware additions, component applicability, known issues, firmware/driver notes"
S005,ROCm 7.2 Ryzen native Linux support matrix,https://rocm.docs.amd.com/projects/radeon-ryzen/en/docs-7.2/docs/compatibility/compatibilityryz/native_linux/native_linux_compatibility.html,AMD,official documentation,2026-07-18,turn619120view0,raw/official/amd-docs/S005-ryzen-linux-7.2-matrix.txt,"Ubuntu 24.04.3, gfx1151, PyTorch 2.9, FP16 validation"
S006,ROCm 7.2.4 release notes,https://rocm.docs.amd.com/en/docs-7.2.4/about/release-notes.html,AMD,official documentation,2026-07-18,turn619120view5,raw/official/amd-docs/S006-release-notes-7.2.4.txt,"patch release purpose, inherited component versions, known issues/deprecations"
S007,ROCm/TheRock tag therock-7.14,https://github.com/ROCm/TheRock/tree/therock-7.14,AMD / GitHub,official source repository,2026-07-18,turn744481view0; turn18file0; turn50file0; turn53file0; turn54file0,raw/official/github/S007-TheRock-tag.txt,"tag commit, top-level gitlinks including LLVM/HIPIFY/SPIR-V, early-preview status, build entry point"
S008,TheRock SUPPORTED_GPUS.md at therock-7.14,https://github.com/ROCm/TheRock/blob/therock-7.14/SUPPORTED_GPUS.md,AMD / GitHub,official source repository,2026-07-18,turn15file0,raw/official/github/S008-SUPPORTED_GPUS.txt,gfx1151 build/sanity/release-ready status and project-status warning
S009,TheRock RELEASES.md at therock-7.14,https://github.com/ROCm/TheRock/blob/therock-7.14/RELEASES.md,AMD / GitHub,official source repository,2026-07-18,turn20file0 through turn24file0,raw/official/github/S009-RELEASES.txt,"tarball layout, .kpack, source manifest, native package signing warning"
S010,TheRock .gitmodules at therock-7.14,https://github.com/ROCm/TheRock/blob/therock-7.14/.gitmodules,AMD / GitHub,official source repository,2026-07-18,turn19file0,raw/official/github/S010-gitmodules.txt,authoritative source repository mapping
S011,TheRock manifest generator,https://github.com/ROCm/TheRock/blob/therock-7.14/build_tools/generate_therock_manifest.py,AMD / GitHub,official source repository,2026-07-18,turn27file0,raw/official/github/S011-manifest-generator.txt,embedded source-pin manifest semantics
S012,TheRock Linux package mapping,https://github.com/ROCm/TheRock/blob/therock-7.14/build_tools/packaging/linux/package.json,AMD / GitHub,official source repository,2026-07-18,turn42file0; turn44file0,raw/official/github/S012-package-json.txt,"RCCL package names, dependencies, components, declared licenses"
S013,TheRock root LICENSE at therock-7.14,https://github.com/ROCm/TheRock/blob/therock-7.14/LICENSE,AMD / GitHub,official source repository,2026-07-18,turn40file0,raw/official/github/S013-TheRock-LICENSE.txt,TheRock build-system license
S014,ROCm/ROCm default.xml at rocm-7.2.4,https://github.com/ROCm/ROCm/blob/rocm-7.2.4/default.xml,AMD / GitHub,official source repository,2026-07-18,turn31file0,raw/official/github/S014-rocm-7.2.4-default-xml.txt,legacy source-manifest caveat: default revision remains rocm-7.2.0
S015,Linux Kernel Archives release index,https://www.kernel.org/,Linux Kernel Organization,official release index,2026-07-18,turn398973view0,raw/official/kernel/S015-kernel-org-release-index.txt,"7.1.3 stable, 7.2-rc3 mainline, linux-next next-20260717"
S016,USB4 and Thunderbolt admin guide (linux-next),https://www.kernel.org/doc/html/next/admin-guide/thunderbolt.html,Linux kernel documentation,official project documentation,2026-07-18,turn921834view2; turn921834view3,raw/official/kernel/S016-usb4stream.txt,"USB4STREAM driver, ConfigFS, character devices, coexistence with USB4NET"
S017,Ubuntu kernel-team GFX1151 KFD fixes SRU cover,https://lists.ubuntu.com/archives/kernel-team/2026-January/165207.html,Canonical / Ubuntu kernel team,official distro kernel record,2026-07-18,turn398973view1,raw/official/kernel/S017-gfx1151-kfd-sru.txt,"CWSR sizing hang, upstream 6.19-rc1, OEM/HWE backports, matching ROCm commit"
S018,Ubuntu noble HWE 6.17 accepted changelog,https://lists.ubuntu.com/archives/noble-changes/2026-February/053556.html,Canonical / Ubuntu archive,official distro package record,2026-07-18,turn398973view2,raw/official/kernel/S018-hwe-6.17-accepted.txt,accepted gfx1151 KFD fixes in 6.17.0-16.16~24.04.1
S019,Mesa 26.1.4 release notes,https://docs.mesa3d.org/relnotes/26.1.4.html,Mesa project,official project documentation,2026-07-18,turn689053view2,raw/official/mesa/S019-mesa-26.1.4.txt,"release date, API statements, official tarball SHA-256/SHA-512"
S020,AMD stable ROCm SDK tarball index,https://repo.amd.com/rocm/tarball-multi-arch/,AMD,official artifact repository index,2026-07-18,turn531743view1,raw/official/amd-docs/S020-tarball-index.txt,artifact repository namespace and architecture filters
S021,Installed two-node tuple supplied by requester,,local capture,user-provided local comparison only,2026-07-17,user prompt,raw/local/S021-local-two-node-comparison.txt,"ROCm packages 7.2.4, Mesa 26.1.4, kernel 7.1.3"
